time_s,head_x_m,head_y_m,head_yaw_rad,state,q_joint_01_rad,q_joint_02_rad,q_joint_03_rad,q_joint_04_rad,q_joint_05_rad,q_joint_06_rad,q_joint_07_rad,q_joint_08_rad,q_joint_09_rad,dq_joint_01_rad_s,dq_joint_02_rad_s,dq_joint_03_rad_s,dq_joint_04_rad_s,dq_joint_05_rad_s,dq_joint_06_rad_s,dq_joint_07_rad_s,dq_joint_08_rad_s,dq_joint_09_rad_s,cmd_joint_01_rad,cmd_joint_02_rad,cmd_joint_03_rad,cmd_joint_04_rad,cmd_joint_05_rad,cmd_joint_06_rad,cmd_joint_07_rad,cmd_joint_08_rad,cmd_joint_09_rad,range_head_range_m60_m,range_head_range_m30_m,range_head_range_00_m,range_head_range_p30_m,range_head_range_p60_m
0.002000,0.000000,0.000000,0.000000,slither,-0.000191,0.000391,0.000168,0.000249,0.000658,-0.000672,-0.000338,-0.000386,-0.000715,-0.095728,0.195309,0.083893,0.124736,0.328896,-0.336214,-0.168984,-0.193054,-0.357342,0.000000,0.068000,0.068000,0.068000,0.068000,-0.068000,-0.068000,-0.068000,-0.068000,-0.800000,-0.800000,-0.800000,-0.800000,-0.800000
0.050000,-0.000481,-0.007898,-0.063545,slither,0.000801,0.039044,0.038703,0.050123,0.017052,-0.055609,-0.043615,-0.043716,-0.030968,0.788314,1.637561,1.617835,2.083701,-0.540881,-1.782409,-1.503193,-1.708060,-0.019625,0.096263,0.204000,0.204000,0.204000,-0.018881,-0.204000,-0.204000,-0.204000,-0.058878,-0.800000,-0.800000,-0.800000,-0.800000,-0.800000
0.100000,-0.008669,-0.029598,-0.294437,slither,0.071851,0.154826,0.155469,0.165331,-0.034207,-0.164429,-0.149715,-0.162038,0.003268,1.524066,2.361358,2.411227,1.568413,-1.265270,-1.876377,-1.991027,-2.096030,1.181666,0.189554,0.340000,0.340000,0.282649,-0.114796,-0.340000,-0.340000,-0.340000,0.037741,-0.800000,-0.800000,-0.800000,-0.800000,-0.800000
0.150000,-0.028019,-0.048778,-0.560565,slither,0.174054,0.314741,0.311427,0.187684,-0.102009,-0.284079,-0.282264,-0.197699,0.090505,1.921799,3.307932,2.353742,-0.352883,-1.353076,-2.386123,-2.593203,0.499399,2.107166,0.317665,0.538479,0.470333,0.149796,-0.251125,-0.517286,-0.505860,-0.222978,0.179559,-0.800000,-0.800000,-0.800000,-0.800000,-0.800000
0.200000,-0.043041,-0.048721,-0.702841,slither,0.276225,0.434367,0.371150,0.137199,-0.180236,-0.372979,-0.348521,-0.147927,0.189390,1.873945,1.483383,0.283628,-1.291733,-1.567487,-1.236978,-0.514373,1.145385,1.841481,0.391345,0.549767,0.413172,0.054860,-0.332891,-0.542006,-0.460268,-0.131540,0.267775,-0.800000,-0.800000,-0.800000,-0.800000,-0.800000
0.250000,-0.049112,-0.039341,-0.752634,slither,0.377269,0.495632,0.362907,0.061694,-0.259436,-0.419654,-0.339908,-0.068740,0.286558,1.957013,0.803613,-0.666370,-1.630105,-1.524823,-0.670185,0.603257,1.842316,2.061759,0.478601,0.534911,0.304176,-0.089787,-0.435568,-0.547614,-0.365798,0.012313,0.383817,-0.800000,-0.800000,-0.800000,-0.800000,-0.800000
0.300000,-0.049402,-0.025955,-0.739438,slither,0.460007,0.517926,0.317252,-0.023161,-0.332172,-0.442057,-0.295233,0.025894,0.375970,1.304103,0.160684,-1.229394,-1.566176,-1.191222,-0.370952,0.924445,1.918815,1.574193,0.518645,0.504261,0.219280,-0.183372,-0.487622,-0.530204,-0.288266,0.108362,0.446840,-0.800000,-0.800000,-0.800000,-0.800000,-0.800000
0.350000,-0.046563,-0.009093,-0.670675,slither,0.525042,0.508768,0.243440,-0.120666,-0.399997,-0.441084,-0.225013,0.127011,0.447963,1.077045,-0.458897,-1.655364,-1.955277,-1.301454,0.177266,1.701778,2.069707,1.268098,0.548437,0.429526,0.080121,-0.312279,-0.537102,-0.473705,-0.156107,0.245261,0.515017,-0.800000,-0.800000,-0.800000,-0.800000,-0.800000
0.400000,-0.041155,0.013218,-0.534190,slither,0.554285,0.462103,0.145260,-0.221488,-0.448672,-0.413150,-0.137329,0.226637,0.498937,0.237918,-1.254872,-2.130753,-1.952437,-0.698405,0.782753,1.777357,1.911291,0.678752,0.547223,0.362771,-0.016352,-0.386700,-0.549536,-0.417479,-0.061394,0.327637,0.540851,-0.800000,-0.800000,-0.800000,-0.800000,-0.800000
0.450000,-0.037658,0.037628,-0.354797,slither,0.556212,0.384057,0.031180,-0.317201,-0.476089,-0.362150,-0.039401,0.319407,0.524220,-0.296785,-1.894122,-2.507990,-1.890838,-0.372943,1.205126,2.035504,1.927331,0.314302,0.513881,0.242382,-0.159185,-0.475329,-0.536402,-0.309629,0.083298,0.431525,0.548186,-0.800000,-0.800000,-0.800000,-0.800000,-0.800000
0.500000,-0.037728,0.059991,-0.158455,slither,0.530397,0.287818,-0.085675,-0.396223,-0.479113,-0.290097,0.059453,0.398279,0.524636,-0.724918,-2.013454,-2.123320,-1.359388,0.111049,1.481500,1.935748,1.394365,-0.080128,0.471640,0.152229,-0.248871,-0.516421,-0.506848,-0.225290,0.177164,0.484548,0.531913,-0.800000,-0.800000,-0.800000,-0.800000,-0.800000
0.550000,-0.040825,0.078679,0.042924,slither,0.477030,0.177206,-0.197227,-0.456277,-0.458504,-0.204410,0.160814,0.458232,0.501391,-1.425968,-2.538269,-2.372735,-0.849854,0.899860,1.740263,1.983566,0.926231,-0.839236,0.381509,0.009101,-0.368191,-0.547903,-0.433599,-0.086616,0.306848,0.535649,0.477010,-0.800000,-0.800000,-0.800000,-0.800000,-0.800000
0.600000,-0.047385,0.093409,0.243729,slither,0.402764,0.060617,-0.300675,-0.496775,-0.416820,-0.109622,0.256072,0.494620,0.453314,-1.500595,-2.238276,-1.866379,-0.544701,0.979460,1.909401,1.785809,0.426641,-1.088625,0.306282,-0.087289,-0.434018,-0.547843,-0.367684,0.009783,0.382000,0.549227,0.421727,-0.800000,-0.800000,-0.800000,-0.800000,-0.800000
0.650000,-0.054683,0.102193,0.427816,slither,0.310562,-0.058308,-0.392808,-0.509782,-0.353115,-0.011396,0.340455,0.504752,0.382369,-2.204100,-2.572472,-1.744002,0.016401,1.461504,1.987736,1.527660,0.024416,-1.642398,0.176519,-0.225911,-0.507113,-0.516186,-0.248262,0.152884,0.471990,0.537815,0.315037,-0.800000,-0.800000,-0.800000,-0.800000,-0.800000
0.700000,-0.062702,0.105505,0.596610,slither,0.203653,-0.175742,-0.467051,-0.503686,-0.274038,0.092928,0.408233,0.492381,0.295665,-2.048686,-2.415842,-1.269630,0.355408,1.751285,2.088638,0.968943,-0.460353,-1.711258,0.082624,-0.310192,-0.536552,-0.474986,-0.158532,0.242993,0.514123,0.509363,0.231268,-0.800000,-0.800000,-0.800000,-0.800000,-0.800000
0.750000,-0.069703,0.104097,0.742471,slither,0.085500,-0.288788,-0.522146,-0.473876,-0.180708,0.194304,0.456236,0.455466,0.194983,-2.730072,-2.505115,-0.860015,0.942934,2.062369,2.070834,0.750037,-1.012508,-2.171208,-0.062071,-0.417923,-0.549508,-0.386215,-0.015670,0.363283,0.547291,0.437610,0.093098,-0.800000,-0.800000,-0.800000,-0.800000,-0.800000
0.800000,-0.075297,0.098514,0.863962,slither,-0.038919,-0.392391,-0.553584,-0.423097,-0.082049,0.284359,0.487727,0.402435,0.085662,-2.270627,-1.696729,-0.508320,0.978063,1.795780,1.660426,0.413555,-1.055114,-2.052487,-0.156761,-0.474051,-0.536955,-0.311717,0.080795,0.429951,0.548386,0.372544,-0.003213,-0.800000,-0.800000,-0.800000,-0.800000,-0.800000
0.850000,-0.078131,0.089643,0.955306,slither,-0.161968,-0.483434,-0.562613,-0.356390,0.019025,0.363266,0.489304,0.325549,-0.029874,-2.487782,-1.650883,0.067049,1.614985,2.071526,1.433877,-0.160151,-1.742266,-2.355426,-0.288846,-0.530384,-0.487307,-0.182729,0.219905,0.504533,0.518418,0.254108,-0.146562,-0.800000,-0.800000,-0.800000,-0.800000,-0.800000
0.900000,-0.076929,0.076227,0.997414,slither,-0.276536,-0.552420,-0.547524,-0.268456,0.122515,0.427445,0.471254,0.236274,-0.141293,-2.108570,-1.096695,0.536548,1.814495,1.956023,1.084072,-0.462348,-1.812802,-2.036817,-0.366307,-0.547677,-0.435151,-0.089114,0.304744,0.535069,0.478265,0.164813,-0.237082,-0.800000,-0.800000,-0.800000,-0.800000,-0.800000
0.950000,-0.070044,0.058160,0.982702,slither,-0.382255,-0.591379,-0.503316,-0.164604,0.229580,0.470727,0.430548,0.136906,-0.248554,-2.094005,-0.440512,1.336640,2.280038,2.031178,0.656614,-1.083988,-2.146020,-2.147417,-0.460640,-0.541889,-0.332349,0.055538,0.413622,0.549747,0.390865,0.022237,-0.358324,-0.800000,-0.800000,-0.800000,-0.800000,-0.800000
1.000000,-0.058672,0.035248,0.903096,slither,-0.470136,-0.595204,-0.421393,-0.047459,0.323734,0.490145,0.368473,0.028387,-0.342368,-1.290778,0.366994,1.859100,2.377496,1.730006,0.165228,-1.351435,-1.991850,-1.613581,-0.506128,-0.517054,-0.250518,0.150451,0.470686,0.538339,0.317108,-0.074290,-0.425823,-0.800000,-0.800000,-0.800000,-0.800000,-0.800000
1.050000,-0.046741,0.009207,0.769886,slither,-0.534941,-0.565303,-0.316076,0.072690,0.405051,0.488092,0.288241,-0.082890,-0.421550,-1.142250,0.814988,2.336366,2.435208,1.463127,-0.286496,-1.860091,-2.171782,-1.431666,-0.544754,-0.450248,-0.114129,0.283234,0.528607,0.490318,0.188914,-0.213866,-0.501881,-0.800000,-0.800000,-0.800000,-0.800000,-0.800000
1.100000,-0.037058,-0.018454,0.593237,slither,-0.567466,-0.505303,-0.194855,0.189989,0.463037,0.461602,0.194717,-0.188797,-0.481255,-0.453390,1.344995,2.254124,1.872059,1.005643,-0.576160,-1.909981,-1.992928,-0.965854,-0.549609,-0.388013,-0.018200,0.361379,0.547034,0.439139,0.095592,-0.299252,-0.533511,-0.800000,-0.800000,-0.800000,-0.800000,-0.800000
1.150000,-0.031902,-0.044715,0.395493,slither,-0.570190,-0.420942,-0.069454,0.296918,0.497585,0.409919,0.088627,-0.287107,-0.517420,0.271531,1.933919,2.665549,2.139993,0.346115,-1.375040,-2.252374,-1.836513,-0.441778,-0.525175,-0.272904,0.125814,0.457017,0.542975,0.337560,-0.048997,-0.409261,-0.549907,-0.800000,-0.800000,-0.800000,-0.800000,-0.800000
1.200000,-0.030963,-0.069076,0.184089,slither,-0.545272,-0.321126,0.054657,0.389894,0.505458,0.338386,-0.017273,-0.373634,-0.528714,0.623268,2.056166,2.488654,1.629034,-0.015485,-1.435412,-2.188570,-1.590666,-0.068120,-0.488475,-0.185115,0.217582,0.503520,0.519257,0.256350,-0.144121,-0.467253,-0.539647,-0.800000,-0.800000,-0.800000,-0.800000,-0.800000
1.250000,-0.033441,-0.089056,-0.027480,slither,-0.494073,-0.208023,0.171189,0.458843,0.490850,0.251532,-0.122094,-0.441852,-0.513886,1.202142,2.083211,2.272895,1.292441,-0.383898,-1.853101,-2.295482,-1.262488,0.557894,-0.405632,-0.043613,0.341809,0.543810,0.453989,0.120549,-0.277581,-0.526755,-0.493260,-0.800000,-0.800000,-0.800000,-0.800000,-0.800000
1.300000,-0.039973,-0.104641,-0.233472,slither,-0.423835,-0.090283,0.282281,0.507732,0.454038,0.153012,-0.221457,-0.484600,-0.471151,1.501932,2.463906,2.147864,0.620728,-0.943793,-1.925885,-1.955155,-0.587625,0.948573,-0.334362,0.053019,0.411949,0.549818,0.392642,0.024766,-0.356400,-0.546314,-0.443063,-0.800000,-0.800000,-0.800000,-0.800000,-0.800000
1.350000,-0.047704,-0.113773,-0.422134,slither,-0.336137,0.031605,0.379388,0.527135,0.392955,0.055193,-0.312706,-0.505623,-0.408323,2.028310,2.527112,1.863106,0.160845,-1.436514,-2.072370,-1.803990,-0.179041,1.531794,-0.208879,0.193979,0.492742,0.527090,0.278589,-0.119409,-0.453329,-0.543983,-0.342723,-0.800000,-0.800000,-0.800000,-0.800000,-0.800000
1.400000,-0.055924,-0.116712,-0.593078,slither,-0.232736,0.150414,0.461180,0.526326,0.315844,-0.049627,-0.389951,-0.502829,-0.324978,2.104645,2.296323,1.455347,-0.218340,-1.709691,-2.040596,-1.296728,0.209346,1.604399,-0.116604,0.281061,0.527903,0.491460,0.191289,-0.211532,-0.500840,-0.521386,-0.262145,-0.800000,-0.800000,-0.800000,-0.800000,-0.800000
1.450000,-0.062991,-0.114861,-0.744369,slither,-0.115992,0.267274,0.521357,0.502438,0.225103,-0.153677,-0.448393,-0.476896,-0.226020,2.319989,2.209219,1.087125,-0.668610,-2.062293,-2.223164,-0.892869,0.908099,2.215996,0.027634,0.394648,0.549884,0.410041,0.050160,-0.336637,-0.542788,-0.457666,-0.126951,-0.800000,-0.800000,-0.800000,-0.800000,-0.800000
1.500000,-0.068090,-0.108490,-0.869518,slither,0.006929,0.374572,0.561125,0.456013,0.127492,-0.251061,-0.482706,-0.425991,-0.117747,2.325845,1.998208,0.438606,-1.138460,-1.851354,-1.726525,-0.479609,1.102527,1.992737,0.123349,0.455604,0.543372,0.339555,-0.046476,-0.407566,-0.549948,-0.397215,-0.031328,-0.800000,-0.800000,-0.800000,-0.800000,-0.800000
1.550000,-0.070576,-0.098576,-0.963400,slither,0.131560,0.470824,0.574410,0.390206,0.024483,-0.337211,-0.491780,-0.353259,-0.002739,2.589866,1.739168,-0.018021,-1.502050,-2.276273,-1.562021,0.196319,1.770363,2.348437,0.258887,0.520197,0.502358,0.214942,-0.187816,-0.489788,-0.528929,-0.284234,0.112987,-0.800000,-0.800000,-0.800000,-0.800000,-0.800000
1.600000,-0.069190,-0.085781,-1.018709,slither,0.250322,0.544837,0.567750,0.309255,-0.085098,-0.405278,-0.478625,-0.264454,0.109326,2.122261,1.174156,-0.388902,-1.717975,-2.043410,-1.247756,0.287677,1.773519,1.912268,0.339823,0.543425,0.455413,0.123017,-0.275393,-0.526021,-0.494375,-0.197435,0.205452,-0.800000,-0.800000,-0.800000,-0.800000,-0.800000
1.650000,-0.061145,-0.066364,-1.000427,slither,0.356093,0.587341,0.522566,0.204425,-0.189764,-0.458258,-0.445543,-0.165186,0.219694,2.077762,0.482504,-1.274240,-2.399784,-2.219373,-0.792001,0.949867,2.112330,2.098617,0.440862,0.546729,0.359209,-0.021070,-0.390043,-0.549710,-0.414390,-0.056700,0.331417,-0.800000,-0.800000,-0.800000,-0.800000,-0.800000
1.700000,-0.049966,-0.044013,-0.934226,slither,0.450374,0.603151,0.450917,0.085242,-0.292381,-0.489042,-0.390554,-0.060938,0.316241,1.466045,-0.110052,-1.688166,-2.382152,-1.950995,-0.388264,1.259406,1.880336,1.600855,0.491613,0.527807,0.280768,-0.116937,-0.451891,-0.544351,-0.344699,0.039925,0.403125,-0.800000,-0.800000,-0.800000,-0.800000,-0.800000
1.750000,-0.037098,-0.017531,-0.808498,slither,0.522519,0.583061,0.351319,-0.039494,-0.383848,-0.493057,-0.313469,0.049508,0.400016,1.493279,-0.671598,-2.200202,-2.338327,-1.671299,0.044776,1.779148,2.451318,1.697401,0.538920,0.469194,0.147687,-0.253072,-0.518026,-0.504997,-0.220975,0.181627,0.486764,-0.800000,-0.800000,-0.800000,-0.800000,-0.800000
1.800000,-0.025485,0.010914,-0.635445,slither,0.560045,0.526410,0.233986,-0.158259,-0.448482,-0.471845,-0.221870,0.158827,0.467102,0.363544,-1.332053,-2.370771,-2.316286,-0.946070,0.681794,1.845989,1.959522,1.093561,0.549826,0.411723,0.052680,-0.334632,-0.542373,-0.459065,-0.129412,0.269686,0.524065,-0.800000,-0.800000,-0.800000,-0.800000,-0.800000
1.850000,-0.018279,0.038190,-0.442192,slither,0.572597,0.448455,0.107155,-0.269318,-0.487233,-0.423131,-0.118328,0.258893,0.509947,-0.180803,-1.910732,-2.436149,-2.106323,-0.543685,1.206565,2.301234,2.125283,0.609896,0.534397,0.302349,-0.091947,-0.436902,-0.547406,-0.364159,0.014503,0.385383,0.549457,-0.800000,-0.800000,-0.800000,-0.800000,-0.800000
1.900000,-0.016201,0.064215,-0.227491,slither,0.551526,0.349780,-0.015814,-0.365613,-0.503264,-0.357169,-0.009396,0.351182,0.525669,-0.538568,-2.013552,-2.057637,-1.605663,-0.073191,1.340238,1.862998,1.525548,0.079831,0.503383,0.217269,-0.185436,-0.488632,-0.529617,-0.286398,0.110508,0.448114,0.545251,-0.800000,-0.800000,-0.800000,-0.800000,-0.800000
1.950000,-0.018139,0.085258,-0.021298,slither,0.510477,0.240345,-0.133686,-0.440078,-0.493465,-0.272950,0.097646,0.422935,0.515657,-1.127072,-2.409082,-2.612409,-1.199438,0.514497,1.841754,2.311112,1.252939,-0.499640,0.428154,0.077953,-0.314079,-0.537570,-0.472588,-0.154006,0.247220,0.515782,0.507564,-0.800000,-0.800000,-0.800000,-0.800000,-0.800000
2.000000,-0.023406,0.100748,0.178832,slither,0.447514,0.125789,-0.245048,-0.491858,-0.461596,-0.177724,0.198417,0.476058,0.484955,-1.346960,-2.304729,-2.222269,-0.832354,0.797874,1.937405,2.017391,0.846991,-0.712565,0.361122,-0.018541,-0.388254,-0.549622,-0.416050,-0.059217,0.329394,0.541244,0.462651,-0.800000,-0.800000,-0.800000,-0.800000,-0.800000
2.050000,-0.031532,0.112225,0.375022,slither,0.363720,0.006747,-0.348425,-0.522064,-0.408051,-0.076185,0.292173,0.500219,0.426214,-1.950589,-2.547634,-1.947285,-0.214465,1.332799,1.950557,1.817998,0.374501,-1.441099,0.240414,-0.161280,-0.476428,-0.535913,-0.307816,0.085462,0.432879,0.548004,0.369057,-0.800000,-0.800000,-0.800000,-0.800000,-0.800000
2.100000,-0.039695,0.117562,0.552801,slither,0.264997,-0.112778,-0.437484,-0.525728,-0.334827,0.028583,0.372413,0.501693,0.348469,-2.115943,-2.483179,-1.605127,0.098442,1.587059,2.189398,1.360512,-0.235556,-1.580280,0.150124,-0.250822,-0.517170,-0.505994,-0.223290,0.179236,0.485581,0.531351,0.291987,-0.800000,-0.800000,-0.800000,-0.800000,-0.800000
2.150000,-0.047810,0.118291,0.715009,slither,0.150375,-0.229364,-0.505616,-0.511003,-0.247748,0.131831,0.434305,0.481770,0.254193,-2.639130,-2.659277,-1.054411,0.685154,1.839627,1.955946,1.063033,-0.614831,-2.096366,0.006911,-0.369815,-0.548090,-0.432248,-0.084452,0.308663,0.536142,0.475916,0.160302,-0.800000,-0.800000,-0.800000,-0.800000,-0.800000
2.200000,-0.054582,0.114544,0.853621,slither,0.029757,-0.340947,-0.552650,-0.470837,-0.150480,0.229420,0.473312,0.437887,0.150030,-2.236585,-2.144166,-0.707844,0.954852,1.969159,1.822426,0.490481,-0.984081,-1.934086,-0.089450,-0.435360,-0.547645,-0.366052,0.011973,0.383573,0.549339,0.420318,0.065745,-0.800000,-0.800000,-0.800000,-0.800000,-0.800000
2.250000,-0.058880,0.106384,0.961524,slither,-0.094873,-0.440921,-0.576325,-0.412584,-0.048669,0.317720,0.490290,0.374092,0.037730,-2.478706,-2.006000,-0.225979,1.423488,2.148234,1.707596,0.193254,-1.476223,-2.430411,-0.227907,-0.507957,-0.515426,-0.246306,0.154987,0.473111,0.537353,0.313239,-0.078965,-0.800000,-0.800000,-0.800000,-0.800000,-0.800000
2.300000,-0.059139,0.094395,1.028251,slither,-0.212038,-0.526107,-0.576088,-0.334910,0.059714,0.391461,0.486169,0.292300,-0.074680,-2.033472,-1.387374,0.137472,1.667855,2.051233,1.276947,-0.271975,-1.605508,-2.078833,-0.311998,-0.537029,-0.473878,-0.156434,0.244956,0.514897,0.508533,0.229279,-0.173012,-0.800000,-0.800000,-0.800000,-0.800000,-0.800000
2.350000,-0.053564,0.078410,1.040583,slither,-0.324523,-0.582079,-0.543550,-0.235259,0.164246,0.449553,0.459829,0.194917,-0.187482,-2.270974,-0.750538,1.041874,2.293045,2.324554,1.002066,-0.868902,-2.235268,-2.422505,-0.419343,-0.549411,-0.384652,-0.013481,0.364925,0.547504,0.436280,0.090939,-0.303202,-0.800000,-0.800000,-0.800000,-0.800000,-0.800000
2.400000,-0.041783,0.056444,0.981787,slither,-0.421233,-0.602213,-0.476444,-0.120122,0.268065,0.483499,0.409712,0.092840,-0.288756,-1.753220,-0.154137,1.582373,2.317676,1.859244,0.340234,-1.159394,-1.818449,-1.783624,-0.475158,-0.536477,-0.309910,0.082961,0.431314,0.548214,0.370930,-0.005403,-0.378836,-0.800000,-0.800000,-0.800000,-0.800000,-0.800000
2.450000,-0.028247,0.031686,0.872490,slither,-0.500712,-0.590405,-0.381616,0.004932,0.360673,0.490927,0.336457,-0.014780,-0.379079,-1.640702,0.329629,2.087936,2.617181,1.738729,-0.079575,-1.686427,-2.414764,-1.749424,-0.530960,-0.486287,-0.180662,0.221910,0.505401,0.517682,0.252163,-0.148672,-0.469726,-0.800000,-0.800000,-0.800000,-0.800000,-0.800000
2.500000,-0.016811,0.005831,0.726702,slither,-0.554856,-0.550871,-0.269423,0.128577,0.430955,0.476970,0.246274,-0.124004,-0.449680,-0.758479,1.061265,2.239447,2.164754,1.171797,-0.489829,-1.886206,-2.072081,-1.237874,-0.547873,-0.433808,-0.086952,0.306565,0.535572,0.477180,0.162722,-0.239056,-0.512551,-0.800000,-0.800000,-0.800000,-0.800000,-0.800000
2.550000,-0.006916,-0.022543,0.533484,slither,-0.572189,-0.475356,-0.144873,0.241804,0.476933,0.435810,0.145237,-0.231358,-0.501484,-0.111302,1.742980,2.611888,2.249442,0.711173,-1.084737,-2.251115,-2.271893,-0.752386,-0.541510,-0.330601,0.057717,0.415062,0.549676,0.389321,0.020048,-0.359983,-0.546839,-0.800000,-0.800000,-0.800000,-0.800000,-0.800000
2.600000,-0.002254,-0.049537,0.323387,slither,-0.561489,-0.381484,-0.018179,0.340792,0.496873,0.374446,0.042090,-0.326333,-0.525662,0.436763,1.978421,2.391431,1.822911,0.142104,-1.383554,-1.971755,-1.775228,-0.336952,-0.516304,-0.248567,0.152557,0.471815,0.537887,0.315316,-0.076460,-0.427206,-0.548704,-0.800000,-0.800000,-0.800000,-0.800000,-0.800000
2.650000,-0.003570,-0.073806,0.104961,slither,-0.525030,-0.271499,0.104067,0.421763,0.496925,0.298048,-0.061224,-0.406046,-0.526611,1.015844,2.383864,2.617433,1.307941,-0.290467,-1.797659,-2.192586,-1.424507,0.300432,-0.448987,-0.111986,0.285109,0.529208,0.489322,0.186855,-0.215883,-0.502773,-0.519864,-0.800000,-0.800000,-0.800000,-0.800000,-0.800000
2.700000,-0.007466,-0.090615,-0.096227,slither,-0.467731,-0.158789,0.216250,0.477642,0.471249,0.207602,-0.164025,-0.465141,-0.500961,1.185597,2.067827,1.952856,0.912695,-0.636265,-1.750084,-1.953356,-0.962822,0.641570,-0.386457,-0.016011,0.363027,0.547257,0.437817,0.093434,-0.301088,-0.534039,-0.480413,-0.800000,-0.800000,-0.800000,-0.800000,-0.800000
2.750000,-0.013900,-0.102593,-0.292004,slither,-0.388868,-0.038851,0.321900,0.513965,0.423444,0.108534,-0.264953,-0.498832,-0.447372,1.778268,2.560562,2.128648,0.560582,-1.170221,-2.229058,-1.973320,-0.441419,1.311087,-0.271000,0.127945,0.458232,0.542622,0.335828,-0.051178,-0.410721,-0.549862,-0.393935,-0.800000,-0.800000,-0.800000,-0.800000,-0.800000
2.800000,-0.021768,-0.109831,-0.476821,slither,-0.294107,0.081922,0.413760,0.525691,0.358482,0.006580,-0.350214,-0.509091,-0.375853,1.907536,2.251240,1.605450,0.038554,-1.373394,-1.721565,-1.503166,-0.158412,1.389838,-0.183051,0.219592,0.504397,0.518531,0.254410,-0.146233,-0.468405,-0.539220,-0.320677,-0.800000,-0.800000,-0.800000,-0.800000,-0.800000
2.850000,-0.029267,-0.111159,-0.639724,slither,-0.184583,0.200773,0.485786,0.515077,0.275125,-0.097285,-0.417925,-0.495110,-0.284158,2.498782,2.496469,1.194775,-0.545797,-1.928626,-2.001074,-1.159233,0.553754,2.028070,-0.041430,0.343523,0.544133,0.452750,0.118411,-0.279470,-0.527381,-0.492287,-0.193022,-0.800000,-0.800000,-0.800000,-0.800000,-0.800000
2.900000,-0.036254,-0.108067,-0.783311,slither,-0.064165,0.311582,0.539380,0.483207,0.181221,-0.197006,-0.466820,-0.459262,-0.181452,2.126488,1.947313,0.967428,-0.722426,-1.898387,-1.929876,-0.799876,0.836593,1.934499,0.055199,0.413397,0.549757,0.391105,0.022578,-0.358066,-0.546563,-0.441762,-0.099902,-0.800000,-0.800000,-0.800000,-0.800000,-0.800000
2.950000,-0.041189,-0.100386,-0.898209,slither,0.061591,0.416255,0.568879,0.429772,0.080988,-0.291472,-0.492225,-0.400656,-0.070504,2.691433,2.019021,0.308900,-1.276880,-2.164531,-1.786706,-0.295183,1.389019,2.391785,0.196027,0.493712,0.526460,0.276698,-0.121546,-0.454566,-0.543656,-0.341008,0.044633,-0.800000,-0.800000,-0.800000,-0.800000,-0.800000
3.000000,-0.042487,-0.089064,-0.977652,slither,0.183538,0.503928,0.574452,0.358213,-0.021704,-0.372213,-0.492989,-0.321540,0.044087,2.113771,1.471378,-0.091056,-1.523162,-1.916187,-1.518057,0.085172,1.598531,2.014638,0.282942,0.528513,0.490473,0.189234,-0.213552,-0.501741,-0.520685,-0.260217,0.139889,-0.800000,-0.800000,-0.800000,-0.800000,-0.800000
3.050000,-0.038913,-0.072398,-0.998564,slither,0.296454,0.567739,0.552150,0.263677,-0.130533,-0.437968,-0.473643,-0.227162,0.157688,2.292631,0.871040,-0.843350,-2.103106,-2.379546,-1.066086,0.705232,2.039999,2.259616,0.396170,0.549925,0.408578,0.047979,-0.338367,-0.543137,-0.456448,-0.124819,0.273791,-0.800000,-0.800000,-0.800000,-0.800000,-0.800000
3.100000,-0.029738,-0.051685,-0.961640,slither,0.397908,0.600950,0.498964,0.153883,-0.241726,-0.479743,-0.428803,-0.124070,0.262242,1.729705,0.549928,-1.198090,-2.280667,-2.103822,-0.577071,1.056762,2.006281,1.852400,0.456828,0.543029,0.337829,-0.048658,-0.409034,-0.549913,-0.395697,-0.029141,0.353053,-0.800000,-0.800000,-0.800000,-0.800000,-0.800000
3.150000,-0.017073,-0.026635,-0.863562,slither,0.482395,0.596530,0.410806,0.032055,-0.338393,-0.494673,-0.361154,-0.015159,0.354719,1.614884,-0.372566,-2.083831,-2.395629,-1.814078,-0.095572,1.487123,2.256955,1.778344,0.520904,0.501462,0.212924,-0.189874,-0.490781,-0.528324,-0.282357,0.115129,0.450834,-0.800000,-0.800000,-0.800000,-0.800000,-0.800000
3.200000,-0.006041,0.000340,-0.723154,slither,0.544345,0.561540,0.301999,-0.089814,-0.416704,-0.489656,-0.278520,0.093344,0.431317,0.687906,-1.010608,-2.240523,-2.371003,-1.344661,0.277070,1.723927,1.926185,1.258875,0.543758,0.454182,0.120881,-0.277287,-0.526657,-0.493411,-0.195390,0.207482,0.499014,-0.800000,-0.800000,-0.800000,-0.800000,-0.800000
3.250000,0.002786,0.028915,-0.536360,slither,0.570144,0.495179,0.179634,-0.207704,-0.473056,-0.459639,-0.181351,0.201161,0.488538,0.137665,-1.676737,-2.674316,-2.313490,-0.769771,0.945190,2.051577,1.843076,0.878121,0.546486,0.357548,-0.023259,-0.391584,-0.549777,-0.412947,-0.054521,0.333163,0.542063,-0.800000,-0.800000,-0.800000,-0.800000,-0.800000
3.300000,0.007313,0.055708,-0.330304,slither,0.567637,0.407088,0.051822,-0.313046,-0.502184,-0.403387,-0.078778,0.299267,0.520960,-0.414390,-1.890635,-2.329697,-1.816856,-0.193753,1.279672,1.649477,1.854161,0.450967,0.527187,0.278883,-0.119076,-0.453136,-0.544033,-0.342990,0.042109,0.404612,0.549991,-0.800000,-0.800000,-0.800000,-0.800000,-0.800000
3.350000,0.006812,0.078010,-0.120415,slither,0.537158,0.302006,-0.069178,-0.401743,-0.508156,-0.329494,0.031927,0.384318,0.527486,-0.937484,-2.254067,-2.188829,-1.652581,0.089159,1.644935,2.174049,1.516363,-0.149791,0.468047,0.145576,-0.255014,-0.518758,-0.504125,-0.218967,0.183693,0.487780,0.530113,-0.800000,-0.800000,-0.800000,-0.800000,-0.800000
3.400000,0.002607,0.096076,0.088380,slither,0.484690,0.190033,-0.187529,-0.468758,-0.489341,-0.240742,0.134510,0.449061,0.509620,-1.040555,-2.022999,-1.842683,-1.135491,0.455351,1.764032,1.900751,1.069248,-0.492938,0.410268,0.050500,-0.336368,-0.542733,-0.457855,-0.127282,0.271593,0.524725,0.496279,-0.800000,-0.800000,-0.800000,-0.800000,-0.800000
3.450000,-0.003656,0.108644,0.284648,slither,0.411991,0.072145,-0.294587,-0.513557,-0.447930,-0.140686,0.236289,0.488014,0.462906,-1.656832,-2.402066,-2.216024,-0.709098,1.058656,2.184529,1.987296,0.632067,-1.171983,0.300517,-0.094106,-0.438229,-0.547189,-0.362515,0.016692,0.386942,0.549550,0.417257,-0.800000,-0.800000,-0.800000,-0.800000,-0.800000
3.500000,-0.012027,0.116646,0.470997,slither,0.323142,-0.046340,-0.391692,-0.532676,-0.386575,-0.039423,0.324783,0.505678,0.397503,-1.801489,-2.281108,-1.743506,-0.176990,1.328334,2.016430,1.589301,0.177327,-1.325731,0.215256,-0.187496,-0.489633,-0.529022,-0.284526,0.112653,0.449380,0.544960,0.348102,-0.800000,-0.800000,-0.800000,-0.800000,-0.800000
3.550000,-0.020791,0.119801,0.643220,slither,0.217687,-0.164469,-0.474403,-0.530674,-0.306694,0.068874,0.396687,0.496570,0.309799,-2.309139,-2.392554,-1.452603,0.260176,1.863022,2.064642,1.314047,-0.404844,-1.923540,0.075785,-0.315875,-0.538028,-0.471464,-0.151902,0.249174,0.516538,0.506716,0.224979,-0.800000,-0.800000,-0.800000,-0.800000,-0.800000
3.600000,-0.029870,0.119219,0.804321,slither,0.099412,-0.283490,-0.537266,-0.507102,-0.214861,0.170250,0.451710,0.467713,0.211602,-2.167139,-2.186857,-1.041858,0.606044,1.846243,2.014314,0.821077,-0.735883,-1.854724,-0.020730,-0.389803,-0.549699,-0.414614,-0.057039,0.331145,0.541629,0.461463,0.133665,-0.800000,-0.800000,-0.800000,-0.800000,-0.800000
3.650000,-0.035765,0.113346,0.932340,slither,-0.024698,-0.392443,-0.574121,-0.459093,-0.116428,0.263244,0.483655,0.414345,0.101409,-2.619036,-2.043177,-0.394552,1.254106,1.886937,1.704606,0.418800,-1.320863,-2.365941,-0.163373,-0.477518,-0.535416,-0.305998,0.087625,0.434227,0.547813,0.367430,-0.010124,-0.800000,-0.800000,-0.800000,-0.800000,-0.800000
3.700000,-0.037600,0.102997,1.020416,slither,-0.145928,-0.487112,-0.586883,-0.390216,-0.008724,0.348014,0.490269,0.340313,-0.010508,-2.052107,-1.734768,-0.184381,1.393781,2.064808,1.550492,-0.043225,-1.574592,-2.034199,-0.252769,-0.517912,-0.505132,-0.221287,0.181306,0.486605,0.530782,0.290129,-0.106214,-0.800000,-0.800000,-0.800000,-0.800000,-0.800000
3.750000,-0.035175,0.089114,1.065356,slither,-0.264727,-0.559683,-0.574523,-0.302103,0.101370,0.416532,0.476805,0.251968,-0.125778,-2.380552,-1.148369,0.642858,2.030255,2.289844,1.196827,-0.537438,-2.066115,-2.446542,-0.371433,-0.548268,-0.430890,-0.082287,0.310473,0.536627,0.474814,0.158206,-0.243299,-0.800000,-0.800000,-0.800000,-0.800000,-0.800000
3.800000,-0.025885,0.070074,1.046235,slither,-0.372467,-0.599085,-0.528965,-0.194850,0.208782,0.464239,0.439378,0.151966,-0.232260,-1.883919,-0.422867,1.317750,2.199567,1.949778,0.665650,-0.938096,-1.956117,-1.869403,-0.436695,-0.547439,-0.364415,0.014162,0.385139,0.549442,0.418902,0.063570,-0.325875,-0.800000,-0.800000,-0.800000,-0.800000,-0.800000
3.850000,-0.012244,0.046776,0.964733,slither,-0.461568,-0.608598,-0.448857,-0.073519,0.309393,0.489709,0.378707,0.045061,-0.329817,-1.604856,0.256834,1.973818,2.479854,1.847988,0.273167,-1.350199,-2.103554,-1.810549,-0.508792,-0.514657,-0.244346,0.157087,0.474224,0.536881,0.311436,-0.081132,-0.430164,-0.800000,-0.800000,-0.800000,-0.800000,-0.800000
3.900000,0.002521,0.019550,0.823784,slither,-0.526557,-0.578669,-0.341780,0.054159,0.391852,0.489404,0.298094,-0.062636,-0.411654,-0.790484,1.100431,2.215440,2.110767,1.393586,-0.151086,-1.669311,-1.809519,-1.352790,-0.537497,-0.472763,-0.154333,0.246915,0.515663,0.507695,0.227286,-0.175090,-0.483508,-0.800000,-0.800000,-0.800000,-0.800000,-0.800000
3.950000,0.014013,-0.009276,0.646129,slither,-0.566542,-0.519303,-0.217143,0.174328,0.453582,0.464364,0.204270,-0.170622,-0.475113,-0.482909,1.415127,2.525339,2.397157,0.966470,-0.832527,-1.976870,-2.003895,-1.048192,-0.549305,-0.383084,-0.011291,0.366561,0.547708,0.434943,0.088778,-0.305027,-0.535148,-0.800000,-0.800000,-0.800000,-0.800000,-0.800000
4.000000,0.021409,-0.037418,0.442959,slither,-0.573266,-0.437149,-0.088038,0.283747,0.490169,0.414648,0.103907,-0.272354,-0.514169,0.053419,1.646562,2.460214,2.026610,0.469387,-1.213761,-1.799263,-1.924912,-0.500484,-0.535990,-0.308098,0.085126,0.432669,0.548033,0.369310,-0.007593,-0.380421,-0.549107,-0.800000,-0.800000,-0.800000,-0.800000,-0.800000
4.050000,0.023458,-0.062417,0.231140,slither,-0.551294,-0.336761,0.036478,0.375709,0.503617,0.346917,-0.000887,-0.361415,-0.527855,0.746067,2.211576,2.091174,1.629660,0.144559,-1.534812,-2.175202,-1.665271,-0.060435,-0.485260,-0.178592,0.223913,0.506261,0.516938,0.250215,-0.150779,-0.470862,-0.538269,-0.800000,-0.800000,-0.800000,-0.800000,-0.800000
4.100000,0.021678,-0.082453,0.022446,slither,-0.504197,-0.226013,0.153387,0.447818,0.490953,0.262408,-0.105030,-0.433402,-0.518436,1.079268,2.204680,2.268582,1.208028,-0.428572,-1.706405,-1.724773,-1.216889,0.290546,-0.432459,-0.084789,0.308381,0.536066,0.476087,0.160628,-0.241027,-0.513341,-0.510186,-0.800000,-0.800000,-0.800000,-0.800000,-0.800000
4.150000,0.015612,-0.098670,-0.187266,slither,-0.434962,-0.106652,0.265145,0.500551,0.458093,0.168458,-0.209672,-0.481846,-0.480578,1.551605,2.425309,2.215507,0.787984,-0.918747,-2.058041,-2.135755,-0.784696,1.067602,-0.328848,0.059894,0.416496,0.549596,0.387771,0.017860,-0.361636,-0.547070,-0.438933,-0.800000,-0.800000,-0.800000,-0.800000,-0.800000
4.200000,0.008579,-0.108938,-0.379731,slither,-0.350364,0.014845,0.365211,0.524316,0.400870,0.068695,-0.301608,-0.506497,-0.419682,1.582891,1.956455,1.756031,0.407541,-1.102678,-1.903768,-1.702672,-0.278888,1.178135,-0.246611,0.154660,0.472937,0.537425,0.313519,-0.078628,-0.428582,-0.548549,-0.374153,-0.800000,-0.800000,-0.800000,-0.800000,-0.800000
4.250000,0.000514,-0.113643,-0.554793,slither,-0.247374,0.134875,0.449685,0.526038,0.326426,-0.035118,-0.381639,-0.507181,-0.339368,2.389551,2.585633,1.571219,-0.168708,-1.715668,-2.265474,-1.461943,0.405797,1.891760,-0.109840,0.286980,0.529800,0.488318,0.184794,-0.217895,-0.503657,-0.519145,-0.256048,-0.800000,-0.800000,-0.800000,-0.800000,-0.800000
4.300000,-0.007094,-0.113275,-0.710127,slither,-0.133577,0.250638,0.514518,0.506301,0.236673,-0.140012,-0.443070,-0.482831,-0.243338,2.189497,2.265734,0.995120,-0.675451,-1.752717,-1.884978,-1.010326,0.648993,1.826846,-0.013822,0.364670,0.547471,0.436487,0.091275,-0.302918,-0.534558,-0.479343,-0.166901,-0.800000,-0.800000,-0.800000,-0.800000,-0.800000
4.350000,-0.012657,-0.108586,-0.840679,slither,-0.011246,0.360257,0.556149,0.462477,0.140240,-0.238245,-0.479838,-0.434464,-0.134079,2.666002,2.185033,0.551190,-1.135469,-2.060762,-1.969221,-0.433564,1.298890,2.334845,0.130074,0.459440,0.542260,0.334091,-0.053359,-0.412175,-0.549809,-0.392403,-0.024425,-0.800000,-0.800000,-0.800000,-0.800000,-0.800000
4.400000,-0.015288,-0.099406,-0.937620,slither,0.113865,0.454834,0.573367,0.398807,0.037531,-0.326953,-0.495451,-0.367532,-0.021272,2.314490,1.596736,0.014944,-1.413100,-1.920252,-1.605169,-0.083953,1.377800,2.049470,0.221599,0.505266,0.517797,0.252466,-0.148344,-0.469549,-0.538784,-0.318895,0.072119,-0.800000,-0.800000,-0.800000,-0.800000,-0.800000
4.450000,-0.013614,-0.085240,-0.986790,slither,0.232478,0.532176,0.563638,0.315444,-0.069526,-0.402416,-0.487241,-0.280387,0.094485,2.427862,1.140112,-0.648593,-1.776874,-2.060907,-1.294912,0.296801,1.938542,2.288817,0.345230,0.544448,0.451502,0.116271,-0.281354,-0.527998,-0.491307,-0.190969,0.211847,-0.800000,-0.800000,-0.800000,-0.800000,-0.800000
4.500000,-0.005915,-0.065895,-0.975195,slither,0.339596,0.579147,0.521927,0.214150,-0.178350,-0.456031,-0.456026,-0.183038,0.203146,1.900726,0.427485,-1.232755,-2.164078,-2.089286,-0.826335,0.827360,1.920422,1.940790,0.414838,0.549687,0.389562,0.020389,-0.359725,-0.546803,-0.440454,-0.097748,0.297412,-0.800000,-0.800000,-0.800000,-0.800000,-0.800000
4.550000,0.004909,-0.042402,-0.907153,slither,0.433913,0.595296,0.453676,0.097447,-0.283775,-0.489333,-0.402475,-0.075980,0.304052,1.825620,0.064018,-1.618095,-2.516377,-1.936476,-0.471268,1.296230,2.257695,2.004976,0.494673,0.525822,0.274803,-0.123681,-0.455795,-0.543320,-0.339287,0.046815,0.407795,-0.800000,-0.800000,-0.800000,-0.800000,-0.800000
4.600000,0.016591,-0.015228,-0.785388,slither,0.507112,0.575798,0.357264,-0.023993,-0.375181,-0.497066,-0.329577,0.032668,0.388686,0.991929,-0.781481,-2.107115,-2.478920,-1.606576,0.076107,1.652367,2.094924,1.520194,0.529115,0.489478,0.187176,-0.215569,-0.502635,-0.519975,-0.258286,0.142006,0.466094,-0.800000,-0.800000,-0.800000,-0.800000,-0.800000
4.650000,0.026118,0.012679,-0.624685,slither,0.553918,0.528150,0.242252,-0.142076,-0.444577,-0.479413,-0.240670,0.141122,0.458901,0.955368,-1.026077,-2.323549,-2.134102,-1.275021,0.427627,1.972457,2.208159,1.225405,0.549957,0.407108,0.045796,-0.340091,-0.543478,-0.455222,-0.122685,0.275688,0.526121,-0.800000,-0.800000,-0.800000,-0.800000,-0.800000
4.700000,0.031743,0.039377,-0.437989,slither,0.569292,0.456029,0.120629,-0.257865,-0.490217,-0.436993,-0.139742,0.246171,0.505641,-0.048933,-1.684085,-2.566127,-2.248562,-0.611330,1.061650,1.946468,1.903287,0.650649,0.542677,0.336098,-0.050839,-0.410495,-0.549870,-0.394172,-0.026954,0.354729,0.546056,-0.800000,-0.800000,-0.800000,-0.800000,-0.800000
4.750000,0.033946,0.063191,-0.236995,slither,0.555554,0.361874,-0.000847,-0.354526,-0.508274,-0.373867,-0.033884,0.339832,0.526985,-0.557686,-2.143244,-2.566413,-1.788773,-0.124784,1.490803,2.314826,1.840161,0.201623,0.500558,0.210903,-0.191928,-0.491766,-0.527711,-0.280475,0.117270,0.452085,0.544302,-0.800000,-0.800000,-0.800000,-0.800000,-0.800000
4.800000,0.032450,0.082415,-0.034804,slither,0.518518,0.254623,-0.121162,-0.432389,-0.499433,-0.291432,0.073774,0.415390,0.523744,-0.868087,-2.108848,-2.247062,-1.260458,0.379141,1.772824,2.104500,1.201243,-0.383294,0.452943,0.118743,-0.279176,-0.527284,-0.492439,-0.193341,0.209509,0.499931,0.522079,-0.800000,-0.800000,-0.800000,-0.800000,-0.800000
4.850000,0.026910,0.098690,0.168894,slither,0.456637,0.141128,-0.235468,-0.490834,-0.472605,-0.195057,0.179693,0.470643,0.491745,-1.487883,-2.508424,-2.347349,-0.923995,0.807937,2.047942,2.229946,0.849405,-0.919541,0.355881,-0.025447,-0.393119,-0.549835,-0.411497,-0.052341,0.334903,0.542430,0.458877,-0.800000,-0.800000,-0.800000,-0.800000,-0.800000
4.900000,0.019064,0.110460,0.365082,slither,0.376892,0.022802,-0.337867,-0.526185,-0.422864,-0.093499,0.277645,0.500139,0.436493,-1.604873,-2.264960,-1.808525,-0.494614,1.083715,2.050394,1.841043,0.361122,-1.215275,0.276993,-0.121214,-0.454374,-0.543707,-0.341275,0.044293,0.406092,0.549973,0.398727,-0.800000,-0.800000,-0.800000,-0.800000,-0.800000
4.950000,0.010928,0.116952,0.548318,slither,0.278020,-0.097187,-0.429490,-0.532320,-0.352920,0.010055,0.359014,0.504589,0.359771,-2.236372,-2.142580,-1.737873,0.047341,1.483054,2.129711,1.545177,-0.171934,-1.695577,0.143463,-0.256953,-0.519482,-0.503245,-0.216956,0.185756,0.488788,0.529525,0.286107,-0.800000,-0.800000,-0.800000,-0.800000,-0.800000
5.000000,0.002234,0.118728,0.715746,slither,0.166754,-0.213790,-0.502994,-0.520237,-0.268537,0.114590,0.424043,0.485960,0.268961,-2.017848,-1.876596,-1.304549,0.194181,1.605796,2.034154,1.180975,-0.266451,-1.729279,0.048318,-0.338098,-0.543083,-0.456638,-0.125151,0.273495,0.525378,0.495330,0.199478,-0.800000,-0.800000,-0.800000,-0.800000,-0.800000
5.050000,-0.005213,0.115199,0.860800,slither,0.044439,-0.329312,-0.552503,-0.486005,-0.172964,0.211358,0.469173,0.447411,0.164471,-2.431557,-2.112221,-0.887599,0.824472,1.971566,1.962610,0.702069,-0.999037,-2.310915,-0.096263,-0.439549,-0.546963,-0.360865,0.018881,0.388496,0.549634,0.415827,0.058878,-0.800000,-0.800000,-0.800000,-0.800000,-0.800000
5.100000,-0.009314,0.107059,0.972098,slither,-0.078616,-0.431655,-0.580602,-0.429337,-0.069743,0.302290,0.488880,0.384494,0.052521,-2.203557,-1.655812,-0.345751,1.189626,1.875802,1.481470,0.180690,-1.340896,-1.999756,-0.189554,-0.490627,-0.528419,-0.282649,0.114796,0.450639,0.544659,0.346403,-0.037741,-0.800000,-0.800000,-0.800000,-0.800000,-0.800000
5.150000,-0.010339,0.096022,1.047960,slither,-0.199836,-0.519545,-0.583802,-0.354267,0.036976,0.381413,0.487967,0.303924,-0.061754,-2.377363,-1.477499,0.191139,1.775700,2.137008,1.540733,-0.127307,-1.804080,-2.364452,-0.317665,-0.538479,-0.470333,-0.149796,0.251125,0.517286,0.505860,0.222978,-0.179559,-0.800000,-0.800000,-0.800000,-0.800000,-0.800000
5.200000,-0.003582,0.078356,1.053633,slither,-0.309942,-0.577409,-0.552921,-0.254575,0.146301,0.442831,0.467022,0.211250,-0.172151,-1.893666,-0.837083,0.826987,2.051218,2.000013,1.025904,-0.582524,-1.865216,-1.979371,-0.391345,-0.549767,-0.413172,-0.054860,0.332891,0.542006,0.460268,0.131540,-0.267775,-0.800000,-0.800000,-0.800000,-0.800000,-0.800000
5.250000,0.007887,0.057823,1.009678,slither,-0.411705,-0.605697,-0.492103,-0.138325,0.252609,0.479242,0.416030,0.106939,-0.275882,-1.755585,-0.422620,1.419344,2.356455,1.978681,0.595879,-1.136935,-2.282760,-2.132317,-0.478601,-0.534911,-0.304176,0.089787,0.435568,0.547614,0.365798,-0.012313,-0.383817,-0.800000,-0.800000,-0.800000,-0.800000,-0.800000
5.300000,0.021728,0.033215,0.904671,slither,-0.492137,-0.597141,-0.400777,-0.015686,0.346515,0.493262,0.347348,-0.001684,-0.365287,-1.474657,0.408404,1.993608,2.497865,1.673640,0.022336,-1.531802,-2.208208,-1.676825,-0.518645,-0.504261,-0.219280,0.183372,0.487622,0.530204,0.288266,-0.108362,-0.446840,-0.800000,-0.800000,-0.800000,-0.800000,-0.800000
5.350000,0.034953,0.006273,0.756789,slither,-0.550065,-0.558295,-0.290284,0.109127,0.421743,0.481496,0.260736,-0.110561,-0.440201,-1.338487,0.857987,2.298162,2.471192,1.324531,-0.448405,-1.934000,-2.354261,-1.383799,-0.548437,-0.429526,-0.080121,0.312279,0.537102,0.473705,0.156107,-0.245261,-0.515017,-0.800000,-0.800000,-0.800000,-0.800000,-0.800000
5.400000,0.044935,-0.022112,0.566384,slither,-0.571084,-0.485831,-0.164392,0.222501,0.472442,0.445223,0.161280,-0.216064,-0.494844,0.026777,1.773937,2.573887,2.116707,0.713295,-0.879765,-1.874633,-1.924195,-0.793981,-0.547223,-0.362771,0.016352,0.386700,0.549536,0.417479,0.061394,-0.327637,-0.540851,-0.800000,-0.800000,-0.800000,-0.800000,-0.800000
5.450000,0.049970,-0.049186,0.355131,slither,-0.563482,-0.393226,-0.034255,0.325795,0.494426,0.384034,0.058904,-0.311442,-0.522331,0.407310,2.031221,2.527869,1.908472,0.151678,-1.486976,-2.164109,-1.855115,-0.258841,-0.513881,-0.242382,0.159185,0.475329,0.536402,0.309629,-0.083298,-0.431525,-0.548186,-0.800000,-0.800000,-0.800000,-0.800000,-0.800000
5.500000,0.050230,-0.071711,0.148228,slither,-0.531704,-0.288349,0.085033,0.409319,0.495620,0.307691,-0.050824,-0.393840,-0.525914,0.815057,2.141353,2.414705,1.516276,-0.086180,-1.553434,-2.180489,-1.411939,0.133377,-0.471640,-0.152229,0.248871,0.516421,0.506848,0.225290,-0.177164,-0.484548,-0.531913,-0.800000,-0.800000,-0.800000,-0.800000,-0.800000
5.550000,0.046862,-0.089804,-0.057444,slither,-0.476325,-0.175162,0.201206,0.468408,0.472322,0.220358,-0.154094,-0.456285,-0.503591,1.307186,2.182366,1.979111,1.017544,-0.674864,-1.825148,-2.034441,-1.115475,0.691903,-0.381509,-0.009101,0.368191,0.547903,0.433599,0.086616,-0.306848,-0.535649,-0.477010,-0.800000,-0.800000,-0.800000,-0.800000,-0.800000
5.600000,0.040993,-0.102641,-0.251640,slither,-0.402260,-0.059493,0.308106,0.507255,0.427911,0.122062,-0.252553,-0.493521,-0.454116,1.552337,2.293180,2.016325,0.551548,-1.014374,-1.910797,-1.833785,-0.535797,0.983323,-0.306282,0.087289,0.434018,0.547843,0.367684,-0.009783,-0.382000,-0.549227,-0.421727,-0.800000,-0.800000,-0.800000,-0.800000,-0.800000
5.650000,0.032809,-0.111420,-0.441086,slither,-0.308160,0.063509,0.401286,0.521362,0.364584,0.021250,-0.337853,-0.507223,-0.385855,2.157230,2.475066,1.706274,0.132073,-1.374664,-2.166243,-1.569911,-0.027677,1.626297,-0.176519,0.225911,0.507113,0.516186,0.248262,-0.152884,-0.471990,-0.537815,-0.315037,-0.800000,-0.800000,-0.800000,-0.800000,-0.800000
5.700000,0.023918,-0.115126,-0.616140,slither,-0.199216,0.183928,0.477753,0.517279,0.285901,-0.082471,-0.408394,-0.496659,-0.299136,2.233543,2.492744,1.307823,-0.392535,-1.589310,-1.924253,-1.119137,0.431558,1.640846,-0.082624,0.310192,0.536552,0.474986,0.158532,-0.242993,-0.514123,-0.509363,-0.231268,-0.800000,-0.800000,-0.800000,-0.800000,-0.800000
5.750000,0.016635,-0.112419,-0.760037,slither,-0.081527,0.294386,0.535059,0.491577,0.195729,-0.188666,-0.461424,-0.461940,-0.196090,2.620551,2.417078,0.902327,-0.883260,-2.038214,-2.133927,-0.784855,0.982637,2.217403,0.062071,0.417923,0.549508,0.386215,0.015670,-0.363283,-0.547291,-0.437610,-0.093098,-0.800000,-0.800000,-0.800000,-0.800000,-0.800000
5.800000,0.011639,-0.105095,-0.879136,slither,0.042956,0.402348,0.566850,0.437808,0.094426,-0.281046,-0.488879,-0.406586,-0.086836,1.955990,2.031594,0.373015,-1.224825,-1.878725,-1.705742,-0.274361,1.237187,2.052886,0.156761,0.474051,0.536955,0.311717,-0.080795,-0.429951,-0.548386,-0.372544,0.003213,-0.800000,-0.800000,-0.800000,-0.800000,-0.800000
5.850000,0.009187,-0.094680,-0.963940,slither,0.165589,0.495145,0.576038,0.368227,-0.010516,-0.363370,-0.493712,-0.331764,0.029145,2.332576,1.768801,-0.065284,-1.598889,-1.966668,-1.520019,0.087895,1.810296,2.449234,0.288846,0.530384,0.487307,0.182729,-0.219905,-0.504533,-0.518418,-0.254108,0.146562,-0.800000,-0.800000,-0.800000,-0.800000,-0.800000
5.900000,0.011921,-0.080212,-0.997280,slither,0.278698,0.560925,0.559058,0.278783,-0.116355,-0.428691,-0.475471,-0.240534,0.141752,2.059381,1.080056,-0.523739,-1.892466,-2.166244,-1.186884,0.618409,1.852765,2.114735,0.366307,0.547677,0.435151,0.089114,-0.304744,-0.535069,-0.478265,-0.164813,0.237082,-0.800000,-0.800000,-0.800000,-0.800000,-0.800000
5.950000,0.019685,-0.060540,-0.972270,slither,0.386215,0.599006,0.509581,0.170127,-0.225938,-0.475845,-0.435013,-0.139139,0.247393,2.409676,0.619323,-1.330381,-2.372793,-2.188604,-0.695717,1.083265,2.268104,2.159218,0.460640,0.541889,0.332349,-0.055538,-0.413622,-0.549747,-0.390865,-0.022237,0.358324,-0.800000,-0.800000,-0.800000,-0.800000,-0.800000
6.000000,0.032267,-0.036178,-0.878718,slither,0.469911,0.598418,0.424412,0.048735,-0.323947,-0.498352,-0.372316,-0.031632,0.343211,1.296477,-0.491089,-2.024303,-2.511030,-1.847705,-0.175099,1.360142,2.067999,1.679861,0.506128,0.517054,0.250518,-0.150451,-0.470686,-0.538339,-0.317108,0.074290,0.425823,-0.800000,-0.800000,-0.800000,-0.800000,-0.800000
6.050000,0.043674,-0.009142,-0.740369,slither,0.536520,0.567408,0.316223,-0.076941,-0.407497,-0.493612,-0.290688,0.078374,0.423048,0.945977,-0.937046,-2.297846,-2.548719,-1.435492,0.309932,1.887453,2.224144,1.418714,0.544754,0.450248,0.114129,-0.283234,-0.528607,-0.490318,-0.188914,0.213866,0.501881,-0.800000,-0.800000,-0.800000,-0.800000,-0.800000
6.100000,0.052527,0.018737,-0.564115,slither,0.568520,0.506591,0.197646,-0.191861,-0.467045,-0.466713,-0.196433,0.187386,0.482439,0.404027,-1.355351,-2.290735,-2.097839,-0.920083,0.714526,1.727135,2.055004,0.909715,0.549609,0.388013,0.018200,-0.361379,-0.547034,-0.439139,-0.095592,0.299252,0.533511,-0.800000,-0.800000,-0.800000,-0.800000,-0.800000
6.150000,0.056655,0.046875,-0.356732,slither,0.568925,0.420326,0.070963,-0.301792,-0.502417,-0.414459,-0.091871,0.285314,0.517263,-0.405587,-1.991733,-2.540296,-2.024261,-0.403974,1.292262,2.266775,1.920100,0.439421,0.525175,0.272904,-0.125814,-0.457017,-0.542975,-0.337560,0.048997,0.409261,0.549907,-0.800000,-0.800000,-0.800000,-0.800000,-0.800000
6.200000,0.057448,0.070212,-0.147787,slither,0.543659,0.317627,-0.051775,-0.389741,-0.507820,-0.342303,0.013329,0.373726,0.529294,-0.644820,-1.980580,-1.825269,-1.483652,-0.016502,1.423744,1.942821,1.586551,0.109363,0.488475,0.185115,-0.217582,-0.503520,-0.519257,-0.256350,0.144121,0.467253,0.539647,-0.800000,-0.800000,-0.800000,-0.800000,-0.800000
6.250000,0.053958,0.088611,0.058108,slither,0.493990,0.207151,-0.170744,-0.460573,-0.493293,-0.254750,0.121903,0.440603,0.512618,-1.252363,-2.420120,-2.458153,-1.175773,0.605478,1.966321,2.155967,1.152779,-0.616520,0.405632,0.043613,-0.341809,-0.543810,-0.453989,-0.120549,0.277581,0.526755,0.493260,-0.800000,-0.800000,-0.800000,-0.800000,-0.800000
6.300000,0.047130,0.101821,0.256485,slither,0.425242,0.091464,-0.279344,-0.509147,-0.456047,-0.156626,0.224168,0.485986,0.470810,-1.279185,-2.021459,-1.869300,-0.704740,0.885227,1.757530,1.899156,0.676257,-0.925604,0.334362,-0.053019,-0.411949,-0.549818,-0.392642,-0.024766,0.356400,0.546314,0.443063,-0.800000,-0.800000,-0.800000,-0.800000,-0.800000
6.350000,0.039343,0.109217,0.441756,slither,0.336644,-0.029076,-0.381218,-0.529604,-0.393304,-0.053947,0.314254,0.505364,0.406960,-2.161555,-2.761144,-2.007437,-0.167160,1.516335,2.357307,1.703956,0.015129,-1.691040,0.208879,-0.193979,-0.492742,-0.527090,-0.278589,0.119409,0.453329,0.543983,0.342723,-0.800000,-0.800000,-0.800000,-0.800000,-0.800000
6.400000,0.031217,0.113089,0.616994,slither,0.233569,-0.150163,-0.462855,-0.529057,-0.315120,0.052149,0.390671,0.500623,0.325475,-2.063264,-2.362501,-1.141490,0.142637,1.591928,1.846782,1.300888,-0.180263,-1.539971,0.116604,-0.281061,-0.527903,-0.491460,-0.191289,0.211532,0.500840,0.521386,0.262145,-0.800000,-0.800000,-0.800000,-0.800000,-0.800000
6.450000,0.023359,0.112269,0.772793,slither,0.115697,-0.264500,-0.525532,-0.508286,-0.226450,0.156035,0.446498,0.472870,0.226328,-2.652066,-2.525271,-1.072373,0.781289,1.888510,2.152577,0.849742,-0.901637,-2.174705,-0.027634,-0.394648,-0.549884,-0.410041,-0.050160,0.336637,0.542788,0.457666,0.126951,-0.800000,-0.800000,-0.800000,-0.800000,-0.800000
6.500000,0.017569,0.106557,0.903688,slither,-0.006573,-0.375320,-0.566576,-0.462186,-0.128100,0.251505,0.481576,0.424630,0.118541,-2.333954,-1.980376,-0.556642,0.963245,2.013298,1.745133,0.483334,-1.052561,-2.060113,-0.123349,-0.455604,-0.543372,-0.339555,0.046476,0.407566,0.549948,0.397215,0.031328,-0.800000,-0.800000,-0.800000,-0.800000,-0.800000
6.550000,0.014880,0.096403,1.000285,slither,-0.132350,-0.470494,-0.584867,-0.399238,-0.023549,0.339613,0.492956,0.352986,0.003933,-2.586619,-1.791539,-0.021698,1.581383,2.268245,1.608480,-0.023058,-1.663827,-2.451088,-0.258887,-0.520197,-0.502358,-0.214942,0.187816,0.489788,0.528929,0.284234,-0.112987,-0.800000,-0.800000,-0.800000,-0.800000,-0.800000
6.600000,0.016843,0.081974,1.048866,slither,-0.249553,-0.547497,-0.574793,-0.314351,0.084998,0.408970,0.483557,0.265875,-0.108600,-1.956163,-1.185473,0.431022,1.863008,1.949030,1.250210,-0.333939,-1.690793,-2.112840,-0.339823,-0.543425,-0.455413,-0.123017,0.275393,0.526021,0.494375,0.197435,-0.205452,-0.800000,-0.800000,-0.800000,-0.800000,-0.800000
6.650000,0.025113,0.063110,1.039061,slither,-0.359969,-0.593115,-0.534289,-0.209031,0.193689,0.459623,0.447543,0.165889,-0.219180,-1.787053,-0.841417,0.984875,2.268535,2.165908,0.918435,-0.947462,-2.172734,-2.143300,-0.440862,-0.546729,-0.359209,0.021070,0.390043,0.549710,0.414390,0.056700,-0.331417,-0.800000,-0.800000,-0.800000,-0.800000,-0.800000
6.700000,0.038147,0.039834,0.963855,slither,-0.451146,-0.607063,-0.458782,-0.088328,0.293445,0.487862,0.390519,0.061008,-0.317146,-1.781716,-0.106461,1.697723,2.226832,1.779996,0.370851,-1.208213,-2.084301,-1.778798,-0.491613,-0.527807,-0.280768,0.116937,0.451891,0.544351,0.344699,-0.039925,-0.403125,-0.800000,-0.800000,-0.800000,-0.800000,-0.800000
6.750000,0.052271,0.013935,0.836672,slither,-0.520616,-0.583573,-0.355658,0.037461,0.379388,0.489778,0.312042,-0.049070,-0.401219,-1.006114,0.930347,2.467219,2.580945,1.381829,-0.293381,-1.851518,-2.309501,-1.536137,-0.538920,-0.469194,-0.147687,0.253072,0.518026,0.504997,0.220975,-0.181627,-0.486764,-0.800000,-0.800000,-0.800000,-0.800000,-0.800000
6.800000,0.065294,-0.013369,0.665472,slither,-0.560931,-0.527049,-0.233305,0.156729,0.440588,0.464993,0.217922,-0.158282,-0.468061,-0.585521,1.218439,2.350412,2.215048,1.084992,-0.619771,-1.894939,-2.066121,-1.087996,-0.549826,-0.411723,-0.052680,0.334632,0.542373,0.459065,0.129412,-0.269686,-0.524065,-0.800000,-0.800000,-0.800000,-0.800000,-0.800000
6.850000,0.072956,-0.039817,0.474703,slither,-0.573652,-0.450059,-0.106563,0.267948,0.481062,0.416381,0.116132,-0.262004,-0.511189,0.038706,1.797852,2.664810,2.197802,0.653229,-1.114683,-2.178084,-2.144237,-0.651273,-0.534397,-0.302349,0.091947,0.436902,0.547406,0.364159,-0.014503,-0.385383,-0.549457,-0.800000,-0.800000,-0.800000,-0.800000,-0.800000
6.900000,0.075659,-0.065653,0.259941,slither,-0.554836,-0.350465,0.019346,0.363497,0.496523,0.352212,0.010712,-0.349832,-0.528326,0.532329,1.989219,2.469147,1.654958,0.110895,-1.371844,-2.182690,-1.597010,-0.179961,-0.503383,-0.217269,0.185436,0.488632,0.529617,0.286398,-0.110508,-0.448114,-0.545251,-0.800000,-0.800000,-0.800000,-0.800000,-0.800000
6.950000,0.073557,-0.086202,0.050880,slither,-0.510938,-0.239755,0.135105,0.437967,0.489765,0.271332,-0.093086,-0.426878,-0.523006,1.130719,2.312903,2.343418,1.312586,-0.340937,-1.840497,-2.276421,-1.332605,0.449829,-0.428154,-0.077953,0.314079,0.537570,0.472588,0.154006,-0.247220,-0.515782,-0.507564,-0.800000,-0.800000,-0.800000,-0.800000,-0.800000
7.000000,0.068564,-0.101417,-0.150253,slither,-0.446800,-0.124870,0.246781,0.490293,0.459688,0.179005,-0.196576,-0.479150,-0.488512,1.391790,2.346577,2.256942,0.865060,-0.814078,-1.931301,-1.966032,-0.754477,0.870374,-0.361122,0.018541,0.388254,0.549622,0.416050,0.059217,-0.329394,-0.541244,-0.462651,-0.800000,-0.800000,-0.800000,-0.800000,-0.800000
7.050000,0.061142,-0.111662,-0.342712,slither,-0.362189,-0.004693,0.348413,0.518961,0.406776,0.079482,-0.290199,-0.504684,-0.429043,2.074149,2.699649,2.120189,0.426577,-1.271870,-2.198393,-1.842657,-0.274045,1.406743,-0.240414,0.161280,0.476428,0.535913,0.307816,-0.085462,-0.432879,-0.548004,-0.369057,-0.800000,-0.800000,-0.800000,-0.800000,-0.800000
7.100000,0.052678,-0.117788,-0.526162,slither,-0.263600,0.116838,0.436612,0.524514,0.336256,-0.020792,-0.369860,-0.506904,-0.352060,1.891946,2.331322,1.529312,-0.033509,-1.507846,-2.090188,-1.447514,0.104622,1.526138,-0.150124,0.250822,0.517170,0.505994,0.223290,-0.179236,-0.485581,-0.531351,-0.291987,-0.800000,-0.800000,-0.800000,-0.800000,-0.800000
7.150000,0.044076,-0.119337,-0.693818,slither,-0.147821,0.235053,0.507051,0.512410,0.250657,-0.123569,-0.433368,-0.488616,-0.256968,2.587534,2.621633,1.340773,-0.585535,-1.872210,-2.208051,-0.990401,0.801852,2.186919,-0.006911,0.369815,0.548090,0.432248,0.084452,-0.308663,-0.536142,-0.475916,-0.160302,-0.800000,-0.800000,-0.800000,-0.800000,-0.800000
7.200000,0.036833,-0.116003,-0.836234,slither,-0.027203,0.345844,0.556179,0.476207,0.157929,-0.221852,-0.475901,-0.444805,-0.150460,2.279425,1.959729,0.769603,-0.895018,-1.946875,-1.801674,-0.613345,1.004267,2.015604,0.089450,0.435360,0.547645,0.366052,-0.011973,-0.383573,-0.549339,-0.420318,-0.065745,-0.800000,-0.800000,-0.800000,-0.800000,-0.800000
7.250000,0.032851,-0.107496,-0.942224,slither,0.097745,0.445879,0.580880,0.416906,0.054145,-0.312318,-0.493478,-0.378053,-0.036332,2.586514,2.013836,0.161394,-1.493090,-2.218191,-1.693984,-0.172391,1.548385,2.418770,0.227907,0.507957,0.515426,0.246306,-0.154987,-0.473111,-0.537353,-0.313239,0.078965,-0.800000,-0.800000,-0.800000,-0.800000,-0.800000
7.300000,0.033463,-0.093776,-1.000357,slither,0.215995,0.528273,0.576568,0.337623,-0.052585,-0.391657,-0.488903,-0.295466,0.077148,2.117693,1.256945,-0.380038,-1.760176,-2.124431,-1.271521,0.318443,1.700660,1.959065,0.311998,0.537029,0.473878,0.156434,-0.244956,-0.514897,-0.508533,-0.229279,0.173012,-0.800000,-0.800000,-0.800000,-0.800000,-0.800000
7.350000,0.039861,-0.075750,-1.001949,slither,0.327030,0.581707,0.542231,0.236637,-0.159693,-0.452408,-0.462186,-0.197077,0.188564,2.207933,0.599175,-1.165457,-2.135105,-2.140760,-1.100055,0.853305,2.012010,2.205955,0.419343,0.549411,0.384652,0.013481,-0.364925,-0.547504,-0.436280,-0.090939,0.303202,-0.800000,-0.800000,-0.800000,-0.800000,-0.800000
7.400000,0.051158,-0.052551,-0.939326,slither,0.424939,0.602524,0.474072,0.119677,-0.267765,-0.488424,-0.413489,-0.094363,0.288416,1.751415,0.095737,-1.551743,-2.351745,-2.084995,-0.436327,1.196558,2.066857,1.717399,0.475158,0.536477,0.309910,-0.082961,-0.431314,-0.548214,-0.370930,0.005403,0.378836,-0.800000,-0.800000,-0.800000,-0.800000,-0.800000
7.450000,0.063298,-0.027007,-0.829620,slither,0.504779,0.589679,0.380618,-0.006052,-0.360784,-0.496530,-0.340686,0.015191,0.377493,1.306430,-0.549290,-2.086022,-2.586107,-1.694069,0.035846,1.633517,2.317588,1.593331,0.530960,0.486287,0.180662,-0.221910,-0.505401,-0.517682,-0.252163,0.148672,0.469726,-0.800000,-0.800000,-0.800000,-0.800000,-0.800000
7.500000,0.074605,-0.000071,-0.675046,slither,0.554527,0.546146,0.267358,-0.125870,-0.432398,-0.482580,-0.250919,0.125298,0.450167,1.008913,-0.836333,-2.292433,-2.428471,-1.150665,0.565733,1.907076,2.252614,1.275888,0.547873,0.433808,0.086952,-0.306565,-0.535572,-0.477180,-0.162722,0.239056,0.512551,-0.800000,-0.800000,-0.800000,-0.800000,-0.800000
7.550000,0.081950,0.028141,-0.482503,slither,0.572164,0.472790,0.142630,-0.239362,-0.483923,-0.445029,-0.150826,0.229817,0.500107,0.041875,-1.773309,-2.468217,-2.144840,-0.838184,0.897030,2.102229,2.106295,0.697211,0.541510,0.330601,-0.057717,-0.415062,-0.549676,-0.389321,-0.020048,0.359983,0.546839,-0.800000,-0.800000,-0.800000,-0.800000,-0.800000
7.600000,0.085004,0.054144,-0.274279,slither,0.560620,0.379475,0.019057,-0.341742,-0.505486,-0.381371,-0.044375,0.325785,0.522531,-0.466685,-1.982318,-1.990750,-1.691479,-0.211274,1.323640,1.866406,1.735166,0.231242,0.516304,0.248567,-0.152557,-0.471815,-0.537887,-0.315316,0.076460,0.427206,0.548704,-0.800000,-0.800000,-0.800000,-0.800000,-0.800000
7.650000,0.084191,0.075536,-0.067403,slither,0.524835,0.271925,-0.101283,-0.421877,-0.500479,-0.302203,0.064444,0.405296,0.523524,-0.968649,-2.245205,-1.981233,-1.397591,0.186028,1.680978,2.214946,1.494789,-0.264675,0.448987,0.111986,-0.285109,-0.529208,-0.489322,-0.186855,0.215883,0.502773,0.519864,-0.800000,-0.800000,-0.800000,-0.800000,-0.800000
7.700000,0.079557,0.092206,0.136107,slither,0.467744,0.159261,-0.216126,-0.481494,-0.475978,-0.211195,0.168416,0.462491,0.498291,-1.124203,-2.031667,-1.889245,-0.943810,0.639405,1.742150,1.806131,0.990673,-0.560536,0.386457,0.016011,-0.363027,-0.547257,-0.437817,-0.093434,0.301088,0.534039,0.480413,-0.800000,-0.800000,-0.800000,-0.800000,-0.800000
7.750000,0.071719,0.104088,0.334147,slither,0.388528,0.038461,-0.321494,-0.518355,-0.428639,-0.109575,0.264578,0.496118,0.445141,-1.689357,-2.475581,-2.007252,-0.279186,1.330663,1.869612,1.807424,0.391285,-1.337369,0.271000,-0.127945,-0.458232,-0.542622,-0.335828,0.051178,0.410721,0.549862,0.393935,-0.800000,-0.800000,-0.800000,-0.800000,-0.800000
7.800000,0.063979,0.110056,0.514624,slither,0.294806,-0.078281,-0.416405,-0.528405,-0.359956,-0.007556,0.348997,0.505170,0.372331,-1.585263,-1.676744,-1.619295,-0.209278,1.300005,2.023858,1.573883,0.057462,-1.397552,0.183051,-0.219592,-0.504397,-0.518531,-0.254410,0.146233,0.468405,0.539220,0.320677,-0.800000,-0.800000,-0.800000,-0.800000,-0.800000
7.850000,0.055505,0.111851,0.683520,slither,0.183622,-0.198203,-0.491792,-0.520729,-0.277146,0.097189,0.416882,0.492467,0.282220,-2.332087,-2.445468,-1.399540,0.311427,1.820771,2.184534,1.181030,-0.541137,-1.968607,0.041430,-0.343523,-0.544133,-0.452750,-0.118411,0.279470,0.527381,0.492287,0.193022,-0.800000,-0.800000,-0.800000,-0.800000,-0.800000
7.900000,0.047733,0.109915,0.836080,slither,0.063482,-0.313618,-0.546149,-0.490544,-0.183547,0.196727,0.463124,0.453189,0.180882,-2.041007,-1.917501,-0.876866,0.747529,1.810747,1.683173,0.735029,-0.939673,-1.898613,-0.055199,-0.413397,-0.549757,-0.391105,-0.022578,0.358066,0.546563,0.441762,0.099902,-0.800000,-0.800000,-0.800000,-0.800000,-0.800000
7.950000,0.042608,0.102864,0.952925,slither,-0.060870,-0.415550,-0.579235,-0.439645,-0.082846,0.292558,0.487102,0.393352,0.069515,-2.535849,-2.112438,-0.317070,1.294383,1.823332,1.927943,0.351387,-1.274783,-2.280683,-0.196027,-0.493712,-0.526460,-0.276698,0.121546,0.454566,0.543656,0.341008,-0.044633,-0.800000,-0.800000,-0.800000,-0.800000,-0.800000
8.000000,0.041923,0.090460,1.028537,slither,-0.182220,-0.507307,-0.583230,-0.364327,0.022940,0.373089,0.490351,0.318063,-0.043127,-2.129820,-1.536022,0.111528,1.538809,2.016118,1.355534,-0.155133,-1.630498,-2.066277,-0.282942,-0.528513,-0.490473,-0.189234,0.213552,0.501741,0.520685,0.260217,-0.139889,-0.800000,-0.800000,-0.800000,-0.800000,-0.800000
8.050000,0.046501,0.073722,1.051283,slither,-0.297652,-0.572371,-0.560851,-0.268429,0.132684,0.435273,0.470224,0.223248,-0.154916,-2.225288,-1.376651,0.563172,2.086573,2.275730,1.096752,-0.597868,-1.953049,-2.273758,-0.396170,-0.549925,-0.408578,-0.047979,0.338367,0.543137,0.456448,0.124819,-0.273791,-0.800000,-0.800000,-0.800000,-0.800000,-0.800000
8.100000,0.055910,0.053845,1.021117,slither,-0.401495,-0.606679,-0.506560,-0.157749,0.238649,0.476755,0.427188,0.123562,-0.258591,-1.712244,-0.028400,1.560463,2.214562,1.926200,0.469108,-1.161513,-1.971837,-1.885263,-0.456828,-0.543029,-0.337829,0.048658,0.409034,0.549913,0.395697,0.029141,-0.353053,-0.800000,-0.800000,-0.800000,-0.800000,-0.800000
8.150000,0.070555,0.029291,0.916701,slither,-0.482151,-0.602139,-0.417241,-0.033905,0.335891,0.493201,0.359172,0.014000,-0.354574,-1.621741,0.198666,1.915226,2.400857,1.916780,0.093573,-1.460054,-2.186164,-1.698867,-0.520904,-0.501462,-0.212924,0.189874,0.490781,0.528324,0.282357,-0.115129,-0.450834,-0.800000,-0.800000,-0.800000,-0.800000,-0.800000
8.200000,0.083176,0.002252,0.772185,slither,-0.542112,-0.568613,-0.307089,0.091819,0.413704,0.486193,0.275528,-0.092921,-0.431445,-1.060464,0.941759,2.391302,2.189328,1.111824,-0.474338,-1.625313,-1.905330,-1.293749,-0.543758,-0.454182,-0.120881,0.277287,0.526657,0.493411,0.195390,-0.207482,-0.499014,-0.800000,-0.800000,-0.800000,-0.800000,-0.800000
8.250000,0.093819,-0.024342,0.594002,slither,-0.571716,-0.501282,-0.181784,0.206940,0.467113,0.451723,0.175195,-0.204185,-0.488835,-0.157395,1.665843,2.388331,2.238881,0.851257,-0.885393,-1.994536,-2.138968,-0.898487,-0.546486,-0.357548,0.023259,0.391584,0.549777,0.412947,0.054521,-0.333163,-0.542063,-0.800000,-0.800000,-0.800000,-0.800000,-0.800000
8.300000,0.100386,-0.051630,0.384384,slither,-0.567116,-0.409451,-0.054334,0.311326,0.494111,0.395467,0.073605,-0.301757,-0.520711,0.336040,1.918484,2.584316,1.957293,0.305976,-1.250756,-2.067112,-1.778087,-0.404880,-0.527187,-0.278883,0.119076,0.453136,0.544033,0.342990,-0.042109,-0.404612,-0.549991,-0.800000,-0.800000,-0.800000,-0.800000,-0.800000
8.350000,0.101182,-0.075475,0.172628,slither,-0.538040,-0.305382,0.069198,0.397868,0.500865,0.321306,-0.033840,-0.385541,-0.526752,0.897756,2.345615,2.710895,1.605207,-0.154031,-1.751916,-2.225947,-1.541278,0.164190,-0.468047,-0.145576,0.255014,0.518758,0.504125,0.218967,-0.183693,-0.487780,-0.530113,-0.800000,-0.800000,-0.800000,-0.800000,-0.800000
8.400000,0.098066,-0.094350,-0.035395,slither,-0.486023,-0.192132,0.184052,0.462348,0.482470,0.234197,-0.138960,-0.449553,-0.507584,1.079287,2.055117,1.743566,1.029063,-0.502823,-1.679878,-1.820417,-1.112777,0.494893,-0.410268,-0.050500,0.336368,0.542733,0.457855,0.127282,-0.271593,-0.524725,-0.496279,-0.800000,-0.800000,-0.800000,-0.800000,-0.800000
8.450000,0.092564,-0.107352,-0.231950,slither,-0.413010,-0.073531,0.292937,0.504438,0.439029,0.136992,-0.238251,-0.491493,-0.464355,1.650130,2.522093,2.134516,0.635148,-0.990612,-2.083796,-2.028169,-0.483748,1.068908,-0.300517,0.094106,0.438229,0.547189,0.362515,-0.016692,-0.386942,-0.549550,-0.417257,-0.800000,-0.800000,-0.800000,-0.800000,-0.800000
8.500000,0.085912,-0.115510,-0.415521,slither,-0.323735,0.045834,0.387808,0.521845,0.376291,0.033387,-0.327526,-0.508710,-0.399287,1.810882,2.278832,1.774515,0.185278,-1.328687,-2.020489,-1.611543,-0.181950,1.310551,-0.215256,0.187496,0.489633,0.529022,0.284526,-0.112653,-0.449380,-0.544960,-0.348102,-0.800000,-0.800000,-0.800000,-0.800000,-0.800000
8.550000,0.076776,-0.120394,-0.595789,slither,-0.213564,0.168132,0.468684,0.517443,0.297902,-0.068990,-0.400741,-0.503120,-0.312475,2.489914,2.707076,1.435523,-0.311888,-1.790219,-2.195403,-1.350506,0.414232,1.994337,-0.075785,0.315875,0.538028,0.471464,0.151902,-0.249174,-0.516538,-0.506716,-0.224979,-0.800000,-0.800000,-0.800000,-0.800000,-0.800000
8.600000,0.069597,-0.118878,-0.743147,slither,-0.099317,0.279401,0.525630,0.493758,0.206657,-0.170762,-0.452776,-0.469747,-0.212531,2.120969,1.984406,0.953647,-0.611579,-1.845700,-1.988114,-0.826336,0.781139,1.927504,0.020730,0.389803,0.549699,0.414614,0.057039,-0.331145,-0.541629,-0.461463,-0.133665,-0.800000,-0.800000,-0.800000,-0.800000,-0.800000
8.650000,0.063871,-0.113525,-0.869661,slither,0.025276,0.387018,0.561548,0.446150,0.109389,-0.267459,-0.482150,-0.412803,-0.102104,2.585308,2.144973,0.455542,-1.213665,-2.085244,-1.901696,-0.345819,1.383269,2.380404,0.163373,0.477518,0.535416,0.305998,-0.087625,-0.434227,-0.547813,-0.367430,0.010124,-0.800000,-0.800000,-0.800000,-0.800000,-0.800000
8.700000,0.061290,-0.103534,-0.956253,slither,0.145851,0.479596,0.573179,0.377730,0.003775,-0.349216,-0.490966,-0.341020,0.010858,2.263922,1.526519,-0.117120,-1.524581,-2.142589,-1.422382,0.097039,1.465597,2.025168,0.252769,0.517912,0.505132,0.221287,-0.181306,-0.486605,-0.530782,-0.290129,0.106214,-0.800000,-0.800000,-0.800000,-0.800000,-0.800000
8.750000,0.064349,-0.088947,-0.992888,slither,0.262953,0.547472,0.557332,0.288793,-0.101736,-0.419303,-0.477946,-0.250337,0.128365,2.240637,1.125906,-0.621761,-1.971156,-1.974685,-1.239318,0.505221,2.064566,2.464148,0.371433,0.548268,0.430890,0.082287,-0.310473,-0.536627,-0.474814,-0.158206,0.243299,-0.800000,-0.800000,-0.800000,-0.800000,-0.800000
8.800000,0.072375,-0.069666,-0.971952,slither,0.366228,0.588717,0.511287,0.183121,-0.208975,-0.466801,-0.439823,-0.149549,0.234554,1.804783,0.461579,-1.161387,-2.190237,-2.059079,-0.608110,0.975887,1.884093,1.882847,0.436695,0.547439,0.364415,-0.014162,-0.385139,-0.549442,-0.418902,-0.063570,0.325875,-0.800000,-0.800000,-0.800000,-0.800000,-0.800000
8.850000,0.083854,-0.046223,-0.896985,slither,0.458408,0.597681,0.435994,0.063560,-0.308688,-0.489846,-0.379360,-0.043575,0.329432,1.683069,-0.062837,-1.761939,-2.399284,-1.741774,-0.275768,1.324613,2.103089,1.675778,0.508792,0.514657,0.244346,-0.157087,-0.474224,-0.536881,-0.311436,0.081132,0.430164,-0.800000,-0.800000,-0.800000,-0.800000,-0.800000
8.900000,0.095819,-0.019255,-0.765276,slither,0.523008,0.572224,0.334328,-0.059763,-0.393255,-0.489022,-0.300297,0.064438,0.411158,0.819071,-0.946398,-2.247122,-2.406118,-1.391461,0.273808,1.732290,2.115112,1.423926,0.537497,0.472763,0.154333,-0.246915,-0.515663,-0.507695,-0.227286,0.175090,0.483508,-0.800000,-0.800000,-0.800000,-0.800000,-0.800000
8.950000,0.105096,0.009377,-0.592637,slither,0.561995,0.515348,0.213344,-0.177539,-0.456087,-0.464763,-0.205004,0.174103,0.476434,0.371193,-1.500183,-2.597311,-2.484888,-0.928443,0.895161,1.866573,2.105988,1.061268,0.549305,0.383084,0.011291,-0.366561,-0.547708,-0.434943,-0.088778,0.305027,0.535148,-0.800000,-0.800000,-0.800000,-0.800000,-0.800000
9.000000,0.111015,0.036636,-0.395996,slither,0.570005,0.434623,0.086952,-0.286485,-0.490182,-0.413803,-0.105679,0.274563,0.515436,-0.192942,-1.841783,-2.587129,-2.050556,-0.400294,1.244295,1.789535,1.856593,0.564263,0.535990,0.308098,-0.085126,-0.432669,-0.548033,-0.369310,0.007593,0.380421,0.549107,-0.800000,-0.800000,-0.800000,-0.800000,-0.800000
9.050000,0.112175,0.059848,-0.190595,slither,0.547731,0.334106,-0.032569,-0.376286,-0.504769,-0.347218,0.002900,0.364481,0.527561,-0.703593,-2.178698,-2.506436,-1.686291,0.002704,1.645889,2.180645,1.630899,-0.113205,0.485260,0.178592,-0.223913,-0.506261,-0.516938,-0.250215,0.150779,0.470862,0.538269,-0.800000,-0.800000,-0.800000,-0.800000,-0.800000
9.100000,0.109581,0.079206,0.017848,slither,0.500909,0.222520,-0.150621,-0.448320,-0.490661,-0.263056,0.112139,0.431218,0.512695,-1.002645,-2.169479,-2.155690,-1.089802,0.417059,1.637514,1.981057,1.230640,-0.245403,0.432459,0.084789,-0.308381,-0.536066,-0.476087,-0.160628,0.241027,0.513341,0.510186,-0.800000,-0.800000,-0.800000,-0.800000,-0.800000
9.150000,0.104407,0.092715,0.213671,slither,0.434194,0.107318,-0.261823,-0.496290,-0.455514,-0.167602,0.212315,0.480220,0.476733,-1.654170,-2.632434,-2.388867,-0.689909,1.060649,2.010553,1.895861,0.766928,-0.967428,0.328848,-0.059894,-0.416496,-0.549596,-0.387771,-0.017860,0.361636,0.547070,0.438933,-0.800000,-0.800000,-0.800000,-0.800000,-0.800000
9.200000,0.096150,0.102180,0.405120,slither,0.350605,-0.010837,-0.363729,-0.524551,-0.400236,-0.065204,0.303370,0.505691,0.419407,-1.654032,-2.177622,-1.798665,-0.363524,1.171464,1.912157,1.598121,0.415197,-1.130210,0.246611,-0.154660,-0.472937,-0.537425,-0.313519,0.078628,0.428582,0.548549,0.374153,-0.800000,-0.800000,-0.800000,-0.800000,-0.800000
9.250000,0.086866,0.107076,0.585481,slither,0.248102,-0.132937,-0.450989,-0.528548,-0.326498,0.041160,0.382068,0.504308,0.338602,-2.416268,-2.482448,-1.678666,0.219932,1.786075,2.142474,1.409238,-0.383926,-1.887502,0.109840,-0.286980,-0.529800,-0.488318,-0.184794,0.217895,0.503657,0.519145,0.256048,-0.800000,-0.800000,-0.800000,-0.800000,-0.800000
9.300000,0.078777,0.106725,0.744702,slither,0.133180,-0.249990,-0.516593,-0.509237,-0.237652,0.145021,0.442434,0.481150,0.242331,-2.185134,-2.212940,-1.055898,0.655848,1.652540,1.896856,0.955980,-0.605962,-1.791826,0.013822,-0.364670,-0.547471,-0.436487,-0.091275,0.302918,0.534558,0.479343,0.166901,-0.800000,-0.800000,-0.800000,-0.800000,-0.800000
9.350000,0.073640,0.101219,0.874795,slither,0.011175,-0.359367,-0.558384,-0.466459,-0.139714,0.239572,0.477997,0.431182,0.134012,-2.579271,-2.159285,-0.662524,1.111966,2.146107,1.887104,0.492976,-1.306680,-2.334977,-0.130074,-0.459440,-0.542260,-0.334091,0.053359,0.412175,0.549809,0.392403,0.024425,-0.800000,-0.800000,-0.800000,-0.800000,-0.800000
9.400000,0.070352,0.092095,0.974187,slither,-0.112463,-0.455196,-0.578808,-0.404659,-0.034905,0.329155,0.490675,0.363721,0.021384,-2.242532,-1.736600,-0.111655,1.385455,1.963601,1.669754,0.111823,-1.384593,-2.060039,-0.221599,-0.505266,-0.517797,-0.252466,0.148344,0.469549,0.538784,0.318895,-0.072119,-0.800000,-0.800000,-0.800000,-0.800000,-0.800000
9.450000,0.071579,0.078504,1.027305,slither,-0.230036,-0.534505,-0.571689,-0.321327,0.071315,0.402366,0.484919,0.279564,-0.092915,-2.291239,-1.450830,0.300241,1.840038,2.167832,1.511269,-0.172536,-1.821370,-2.429428,-0.345230,-0.544448,-0.451502,-0.116271,0.281354,0.527998,0.491307,0.190969,-0.211847,-0.800000,-0.800000,-0.800000,-0.800000,-0.800000
9.500000,0.078141,0.060255,1.026103,slither,-0.340536,-0.585503,-0.535572,-0.220435,0.180623,0.458866,0.457050,0.182636,-0.201672,-1.969673,-0.523270,1.140570,2.161637,1.992098,0.797362,-0.829900,-1.952973,-1.923772,-0.414838,-0.549687,-0.389562,-0.020389,0.359725,0.546803,0.440454,0.097748,-0.297412,-0.800000,-0.800000,-0.800000,-0.800000,-0.800000
9.550000,0.089358,0.038356,0.967458,slither,-0.437373,-0.605637,-0.467406,-0.103277,0.284049,0.489219,0.402860,0.078341,-0.302547,-1.810362,-0.239062,1.600952,2.463448,2.090077,0.482916,-1.207766,-2.028356,-1.868100,-0.494673,-0.525822,-0.274803,0.123681,0.455795,0.543320,0.339287,-0.046815,-0.407795,-0.800000,-0.800000,-0.800000,-0.800000,-0.800000
9.600000,0.102386,0.013434,0.856714,slither,-0.514391,-0.591378,-0.371096,0.018911,0.374161,0.494179,0.330485,-0.030276,-0.387710,-1.137509,0.633317,2.141782,2.371606,1.455510,-0.199081,-1.548328,-1.887836,-1.488184,-0.529115,-0.489478,-0.187176,0.215569,0.502635,0.519975,0.258286,-0.142006,-0.466094,-0.800000,-0.800000,-0.800000,-0.800000,-0.800000
9.650000,0.114157,-0.013923,0.692367,slither,-0.562157,-0.540922,-0.250661,0.143283,0.442329,0.475521,0.238401,-0.140064,-0.458138,-0.602660,1.290092,2.510603,2.483936,1.158695,-0.649165,-2.022533,-2.269257,-1.245591,-0.549957,-0.407108,-0.045796,0.340091,0.543478,0.455222,0.122685,-0.275688,-0.526121,-0.800000,-0.800000,-0.800000,-0.800000,-0.800000
9.700000,0.122276,-0.041305,0.494577,slither,-0.575501,-0.462344,-0.124465,0.255109,0.487479,0.434926,0.137279,-0.244951,-0.505089,-0.163547,1.569929,2.290923,1.913183,0.648806,-0.944138,-1.995417,-1.937194,-0.713185,-0.542677,-0.336098,0.050839,0.410495,0.549870,0.394172,0.026954,-0.354729,-0.546056,-0.800000,-0.800000,-0.800000,-0.800000,-0.800000
9.750000,0.125963,-0.066105,0.288204,slither,-0.560182,-0.366829,0.003524,0.352739,0.501849,0.368584,0.031488,-0.338071,-0.526735,0.597565,2.177326,2.588164,1.721296,0.029316,-1.549757,-2.282523,-1.766792,-0.192603,-0.500558,-0.210903,0.191928,0.491766,0.527711,0.280475,-0.117270,-0.452085,-0.544302,-0.800000,-0.800000,-0.800000,-0.800000,-0.800000
9.800000,0.125928,-0.086623,0.081707,slither,-0.519433,-0.257619,0.121257,0.427743,0.494234,0.285622,-0.076905,-0.414718,-0.523575,0.902978,2.095493,2.158419,1.210545,-0.384048,-1.758850,-1.878921,-1.302282,0.243406,-0.452943,-0.118743,0.279176,0.527284,0.492439,0.193341,-0.209509,-0.499931,-0.522079,-0.800000,-0.800000,-0.800000,-0.800000,-0.800000
9.850000,0.121622,-0.103012,-0.121263,slither,-0.455865,-0.141224,0.233128,0.482746,0.463951,0.190935,-0.181663,-0.470500,-0.492828,1.578245,2.413162,2.246133,0.948630,-0.901853,-2.099793,-1.751375,-0.930503,0.893472,-0.355881,0.025447,0.393119,0.549835,0.411497,0.052341,-0.334903,-0.542430,-0.458877,-0.800000,-0.800000,-0.800000,-0.800000,-0.800000
9.900000,0.114640,-0.115444,-0.318272,slither,-0.375020,-0.022541,0.337495,0.513749,0.412334,0.091372,-0.275527,-0.496931,-0.435716,1.758571,2.284710,1.971710,0.397140,-1.164963,-1.856589,-1.695857,-0.308637,1.197422,-0.276993,0.121214,0.454374,0.543707,0.341275,-0.044293,-0.406092,-0.549973,-0.398727,-0.800000,-0.800000,-0.800000,-0.800000,-0.800000
9.950000,0.105660,-0.123443,-0.505648,slither,-0.277172,0.098831,0.426817,0.523528,0.345054,-0.009367,-0.358501,-0.506512,-0.361892,2.108140,2.320191,1.612113,-0.087466,-1.501764,-1.744633,-1.587705,0.035497,1.693463,-0.143463,0.256953,0.519482,0.503245,0.216956,-0.185756,-0.488788,-0.529525,-0.286107,-0.800000,-0.800000,-0.800000,-0.800000,-0.800000
10.000000,0.097632,-0.125559,-0.670831,slither,-0.167398,0.215413,0.496384,0.512422,0.262940,-0.112421,-0.423204,-0.488130,-0.270825,2.070071,1.907307,1.188111,-0.353497,-1.705410,-1.752535,-1.153979,0.426899,1.824879,-0.048318,0.338098,0.543083,0.456638,0.125151,-0.273495,-0.525378,-0.495330,-0.199478,-0.800000,-0.800000,-0.800000,-0.800000,-0.800000
10.050000,0.090139,-0.122760,-0.814887,slither,-0.044528,0.327383,0.547302,0.479472,0.168196,-0.211556,-0.469420,-0.448405,-0.164581,2.721305,2.404016,0.796422,-0.966374,-2.142314,-2.078468,-0.620348,1.144646,2.320046,0.096263,0.439549,0.546963,0.360865,-0.018881,-0.388496,-0.549634,-0.415827,-0.058878,-0.800000,-0.800000,-0.800000,-0.800000,-0.800000
10.100000,0.085900,-0.114813,-0.925400,slither,0.078782,0.429403,0.573529,0.421993,0.067124,-0.302230,-0.489518,-0.386434,-0.053475,2.330420,1.798053,0.188000,-1.275102,-1.990126,-1.615190,-0.186713,1.319420,2.058389,0.189554,0.490627,0.528419,0.282649,-0.114796,-0.450639,-0.544659,-0.346403,0.037741,-0.800000,-0.800000,-0.800000,-0.800000,-0.800000
10.150000,0.084944,-0.103418,-0.998339,slither,0.199302,0.516199,0.575904,0.348186,-0.039778,-0.380625,-0.488483,-0.305328,0.061315,2.432544,1.590805,-0.119621,-1.653583,-2.145577,-1.552611,0.107629,1.809562,2.274194,0.317665,0.538479,0.470333,0.149796,-0.251125,-0.517286,-0.505860,-0.222978,0.179559,-0.800000,-0.800000,-0.800000,-0.800000,-0.800000
10.200000,0.089352,-0.087033,-1.016353,slither,0.311624,0.575624,0.551469,0.252796,-0.147611,-0.442397,-0.467795,-0.211999,0.172162,1.909848,0.870312,-0.775350,-1.967269,-2.007510,-1.064232,0.579979,1.873084,1.971734,0.391345,0.549767,0.413172,0.054860,-0.332891,-0.542006,-0.460268,-0.131540,0.267775,-0.800000,-0.800000,-0.800000,-0.800000,-0.800000
10.250000,0.099758,-0.065539,-0.970249,slither,0.410583,0.605934,0.491201,0.140049,-0.255848,-0.482610,-0.419979,-0.108752,0.275046,1.817118,0.173891,-1.648305,-2.504611,-2.055310,-0.564405,1.197489,2.232458,1.919603,0.478601,0.534911,0.304176,-0.089787,-0.435568,-0.547614,-0.365798,0.012313,0.383817,-0.800000,-0.800000,-0.800000,-0.800000,-0.800000
10.300000,0.113201,-0.039044,-0.859990,slither,0.492471,0.596059,0.399353,0.016693,-0.351980,-0.496763,-0.352976,-0.001360,0.364289,1.297823,-0.523120,-1.972393,-2.417505,-1.676078,-0.086366,1.398282,2.023616,1.489596,0.518645,0.504261,0.219280,-0.183372,-0.487622,-0.530204,-0.288266,0.108362,0.446840,-0.800000,-0.800000,-0.800000,-0.800000,-0.800000
10.350000,0.124046,-0.010223,-0.704055,slither,0.549252,0.554650,0.284825,-0.107820,-0.429550,-0.488375,-0.268085,0.108758,0.440100,0.658548,-1.252618,-2.544402,-2.598368,-1.146694,0.481548,1.999561,2.121363,1.324296,0.548437,0.429526,0.080121,-0.312279,-0.537102,-0.473705,-0.156107,0.245261,0.515017,-0.800000,-0.800000,-0.800000,-0.800000,-0.800000
10.400000,0.132387,0.017457,-0.519978,slither,0.574274,0.487136,0.161493,-0.224231,-0.479682,-0.452685,-0.167936,0.214127,0.493962,0.116154,-1.536520,-2.345217,-2.204639,-0.660298,0.973927,1.889083,1.864206,0.782284,0.547223,0.362771,-0.016352,-0.386700,-0.549536,-0.417479,-0.061394,0.327637,0.540851,-0.800000,-0.800000,-0.800000,-0.800000,-0.800000
10.450000,0.137190,0.043881,-0.309973,slither,0.563183,0.393205,0.035823,-0.326978,-0.503578,-0.392850,-0.061939,0.311639,0.523027,-0.452384,-2.092543,-2.649552,-2.019503,-0.298364,1.438916,2.362382,1.923244,0.351206,0.513881,0.242382,-0.159185,-0.475329,-0.536402,-0.309629,0.083298,0.431525,0.548186,-0.800000,-0.800000,-0.800000,-0.800000,-0.800000
10.500000,0.136664,0.065861,-0.102366,slither,0.531192,0.288346,-0.084156,-0.411258,-0.503991,-0.315122,0.047976,0.394223,0.524952,-0.730916,-1.992275,-1.870918,-1.407979,0.079591,1.546543,1.895475,1.362417,-0.140223,0.471640,0.152229,-0.248871,-0.516421,-0.506848,-0.225290,0.177164,0.484548,0.531913,-0.800000,-0.800000,-0.800000,-0.800000,-0.800000
10.550000,0.132460,0.082689,0.100274,slither,0.475586,0.174283,-0.199193,-0.474639,-0.482065,-0.225126,0.155000,0.457140,0.503634,-1.444135,-2.481417,-2.222587,-1.235324,0.544588,1.991572,2.215565,1.024749,-0.760655,0.381509,0.009101,-0.368191,-0.547903,-0.433599,-0.086616,0.306848,0.535649,0.477010,-0.800000,-0.800000,-0.800000,-0.800000,-0.800000
10.600000,0.125011,0.094707,0.296806,slither,0.402077,0.057253,-0.306897,-0.516231,-0.439340,-0.125594,0.252968,0.495224,0.455453,-1.568596,-2.146549,-2.004696,-0.586553,1.055833,1.992878,1.744345,0.501677,-1.057552,0.306282,-0.087289,-0.434018,-0.547843,-0.367684,0.009783,0.382000,0.549227,0.421727,-0.800000,-0.800000,-0.800000,-0.800000,-0.800000
10.650000,0.116726,0.102410,0.484879,slither,0.308163,-0.064128,-0.401949,-0.533189,-0.375723,-0.021925,0.338085,0.508302,0.386338,-2.175182,-2.602761,-1.713681,-0.008811,1.581980,2.032097,1.594635,0.087623,-1.731201,0.176519,-0.225911,-0.507113,-0.516186,-0.248262,0.152884,0.471990,0.537815,0.315037,-0.800000,-0.800000,-0.800000,-0.800000,-0.800000
10.700000,0.108006,0.104824,0.656297,slither,0.201277,-0.182753,-0.481872,-0.527179,-0.293507,0.083037,0.409464,0.496789,0.298383,-1.780051,-1.835155,-1.392858,0.299510,1.759804,1.938360,1.143019,-0.408855,-1.689606,0.082624,-0.310192,-0.536552,-0.474986,-0.158532,0.242993,0.514123,0.509363,0.231268,-0.800000,-0.800000,-0.800000,-0.800000,-0.800000
10.750000,0.100945,0.102492,0.803743,slither,0.081408,-0.296328,-0.539137,-0.498561,-0.200358,0.185547,0.458336,0.461401,0.195964,-2.635182,-2.364678,-0.838061,0.914134,1.884342,2.063257,0.861804,-0.885781,-2.257173,-0.062071,-0.417923,-0.549508,-0.386215,-0.015670,0.363283,0.547291,0.437610,0.093098,-0.800000,-0.800000,-0.800000,-0.800000,-0.800000
10.800000,0.095445,0.095860,0.929010,slither,-0.043215,-0.404505,-0.575504,-0.447931,-0.099777,0.279578,0.486880,0.407057,0.086709,-2.164649,-2.019114,-0.478128,1.188620,2.036320,1.623055,0.327555,-1.149658,-2.074634,-0.156761,-0.474051,-0.536955,-0.311717,0.080795,0.429951,0.548386,0.372544,-0.003213,-0.800000,-0.800000,-0.800000,-0.800000,-0.800000
10.850000,0.094035,0.085913,1.014265,slither,-0.164906,-0.497987,-0.583165,-0.375464,0.006169,0.359304,0.490560,0.328221,-0.029220,-2.418807,-1.736720,-0.060477,1.531865,2.187820,1.589419,-0.092677,-1.675240,-2.376582,-0.288846,-0.530384,-0.487307,-0.182729,0.219905,0.504533,0.518418,0.254108,-0.146562,-0.800000,-0.800000,-0.800000,-0.800000,-0.800000
10.900000,0.098171,0.071826,1.048213,slither,-0.279801,-0.563622,-0.563112,-0.284259,0.113088,0.423091,0.472230,0.236647,-0.142672,-2.006445,-0.891966,0.622053,1.974014,2.044225,1.015217,-0.594117,-1.797356,-2.054779,-0.366307,-0.547677,-0.435151,-0.089114,0.304744,0.535069,0.478265,0.164813,-0.237082,-0.800000,-0.800000,-0.800000,-0.800000,-0.800000
10.950000,0.107687,0.053056,1.021234,slither,-0.383042,-0.599796,-0.513230,-0.174785,0.219825,0.469034,0.431590,0.136359,-0.248851,-1.981897,-0.262580,1.492331,2.442067,2.196888,0.699937,-1.153066,-2.115703,-2.046020,-0.460640,-0.541889,-0.332349,0.055538,0.413622,0.549747,0.390865,0.022237,-0.358324,-0.800000,-0.800000,-0.800000,-0.800000,-0.800000
11.000000,0.120930,0.030598,0.937869,slither,-0.471322,-0.603495,-0.431018,-0.054380,0.318152,0.487865,0.368053,0.029193,-0.343549,-1.527059,0.046951,1.676023,2.198464,1.768080,0.168798,-1.275075,-2.181951,-1.729675,-0.506128,-0.517054,-0.250518,0.150451,0.470686,0.538339,0.317108,-0.074290,-0.425823,-0.800000,-0.800000,-0.800000,-0.800000,-0.800000
11.050000,0.133869,0.004858,0.806322,slither,-0.538881,-0.574381,-0.325094,0.070247,0.401562,0.485556,0.287647,-0.078856,-0.421611,-1.038270,0.882836,2.357062,2.624031,1.505408,-0.241159,-1.789083,-2.098078,-1.425955,-0.544754,-0.450248,-0.114129,0.283234,0.528607,0.490318,0.188914,-0.213866,-0.501881,-0.800000,-0.800000,-0.800000,-0.800000,-0.800000
11.100000,0.144077,-0.022420,0.631471,slither,-0.573798,-0.515662,-0.202627,0.190999,0.461462,0.459069,0.192664,-0.186141,-0.481647,-0.055129,1.674876,2.598173,2.296991,0.851183,-0.830229,-2.033228,-2.195568,-1.004552,-0.549609,-0.388013,-0.018200,0.361379,0.547034,0.439139,0.095592,-0.299252,-0.533511,-0.800000,-0.800000,-0.800000,-0.800000,-0.800000
11.150000,0.151078,-0.050028,0.424110,slither,-0.575669,-0.426656,-0.073700,0.297441,0.495015,0.406242,0.087503,-0.287054,-0.518027,0.229421,2.039544,2.606718,2.136161,0.368338,-1.319960,-2.067362,-2.024446,-0.479622,-0.525175,-0.272904,0.125814,0.457017,0.542975,0.337560,-0.048997,-0.409261,-0.549907,-0.800000,-0.800000,-0.800000,-0.800000,-0.800000
11.200000,0.151946,-0.076458,0.199619,slither,-0.547237,-0.321800,0.052452,0.391952,0.503863,0.336323,-0.016262,-0.372310,-0.529291,0.786014,2.085195,2.227995,1.701766,-0.021954,-1.592778,-1.944971,-1.491321,-0.038729,-0.488475,-0.185115,0.217582,0.503520,0.519257,0.256350,-0.144121,-0.467253,-0.539647,-0.800000,-0.800000,-0.800000,-0.800000,-0.800000
11.250000,0.149123,-0.096322,-0.010686,slither,-0.495248,-0.206753,0.168054,0.458187,0.488453,0.248837,-0.123341,-0.443329,-0.514345,1.325414,2.487820,2.507922,1.059281,-0.657664,-1.898540,-2.098247,-1.232591,0.615769,-0.405632,-0.043613,0.341809,0.543810,0.453989,0.120549,-0.277581,-0.526755,-0.493260,-0.800000,-0.800000,-0.800000,-0.800000,-0.800000
11.300000,0.143683,-0.109998,-0.208741,slither,-0.424932,-0.090338,0.278172,0.502768,0.447132,0.150841,-0.225321,-0.488263,-0.471727,1.376820,2.140225,2.024805,0.656092,-0.981988,-1.837463,-1.921206,-0.585567,1.015830,-0.334362,0.053019,0.411949,0.549818,0.392642,0.024766,-0.356400,-0.546314,-0.443063,-0.800000,-0.800000,-0.800000,-0.800000,-0.800000
11.350000,0.136030,-0.118852,-0.396345,slither,-0.335170,0.030423,0.377390,0.523443,0.386831,0.048429,-0.317224,-0.508671,-0.407640,2.157812,2.748028,1.986058,0.143541,-1.506816,-1.996000,-1.666708,-0.145470,1.491254,-0.208879,0.193979,0.492742,0.527090,0.278589,-0.119409,-0.453329,-0.543983,-0.342723,-0.800000,-0.800000,-0.800000,-0.800000,-0.800000
11.400000,0.127487,-0.123407,-0.571384,slither,-0.232325,0.147866,0.459879,0.523123,0.312602,-0.058035,-0.390700,-0.501267,-0.325351,1.947011,2.288039,1.351808,-0.185262,-1.560049,-2.110208,-1.242280,0.338558,1.653804,-0.116604,0.281061,0.527903,0.491460,0.191289,-0.211532,-0.500840,-0.521386,-0.262145,-0.800000,-0.800000,-0.800000,-0.800000,-0.800000
11.450000,0.119819,-0.122566,-0.724524,slither,-0.115861,0.263119,0.521091,0.500309,0.223205,-0.157952,-0.448224,-0.474208,-0.226229,2.462750,2.125915,1.130851,-0.597882,-1.898264,-2.000650,-0.993292,0.735626,2.189933,0.027634,0.394648,0.549884,0.410041,0.050160,-0.336637,-0.542788,-0.457666,-0.126951,-0.800000,-0.800000,-0.800000,-0.800000,-0.800000
11.500000,0.113464,-0.117204,-0.856369,slither,0.008727,0.374255,0.559513,0.454483,0.126923,-0.250366,-0.483758,-0.427009,-0.118019,2.386437,2.038013,0.438698,-1.083741,-1.761500,-1.643212,-0.482095,1.042016,2.022174,0.123349,0.455604,0.543372,0.339555,-0.046476,-0.407566,-0.549948,-0.397215,-0.031328,-0.800000,-0.800000,-0.800000,-0.800000,-0.800000
11.550000,0.111155,-0.107097,-0.949037,slither,0.132828,0.469474,0.574190,0.388555,0.023431,-0.336126,-0.494183,-0.357350,-0.004860,2.517262,1.769508,0.069839,-1.551358,-2.165670,-1.701374,0.060949,1.633845,2.278772,0.258887,0.520197,0.502358,0.214942,-0.187816,-0.489788,-0.528929,-0.284234,0.112987,-0.800000,-0.800000,-0.800000,-0.800000,-0.800000
11.600000,0.112637,-0.092498,-0.993629,slither,0.248744,0.543982,0.565636,0.304545,-0.087062,-0.411016,-0.484128,-0.268560,0.109493,1.958322,1.170722,-0.362051,-1.830060,-2.002311,-1.238211,0.360894,1.793546,2.086284,0.339823,0.543425,0.455413,0.123017,-0.275393,-0.526021,-0.494375,-0.197435,0.205452,-0.800000,-0.800000,-0.800000,-0.800000,-0.800000
11.650000,0.119171,-0.074644,-0.985877,slither,0.355124,0.591439,0.526933,0.202446,-0.195757,-0.464169,-0.449956,-0.169174,0.219342,1.964320,0.837844,-0.991395,-2.228115,-2.241871,-0.992930,0.875451,2.270711,2.301830,0.440862,0.546729,0.359209,-0.021070,-0.390043,-0.549710,-0.414390,-0.056700,0.331417,-0.800000,-0.800000,-0.800000,-0.800000,-0.800000
11.700000,0.130650,-0.050845,-0.910624,slither,0.446513,0.604063,0.453088,0.082773,-0.299886,-0.493257,-0.392176,-0.062299,0.316570,1.567785,-0.105524,-1.718155,-2.455157,-1.943638,-0.386077,1.286356,2.048951,1.791464,0.491613,0.527807,0.280768,-0.116937,-0.451891,-0.544351,-0.344699,0.039925,0.403125,-0.800000,-0.800000,-0.800000,-0.800000,-0.800000
11.750000,0.143165,-0.023310,-0.777830,slither,0.517789,0.576909,0.348579,-0.040168,-0.386417,-0.496378,-0.316823,0.047280,0.400936,1.103272,-0.745793,-2.345234,-2.423424,-1.517536,0.198297,1.754193,2.299683,1.467649,0.538920,0.469194,0.147687,-0.253072,-0.518026,-0.504997,-0.220975,0.181627,0.486764,-0.800000,-0.800000,-0.800000,-0.800000,-0.800000
11.800000,0.153224,0.003726,-0.616606,slither,0.561286,0.526753,0.232196,-0.159487,-0.451253,-0.475146,-0.224568,0.156242,0.467296,0.582057,-1.196645,-2.239348,-2.291773,-1.045111,0.564154,1.845833,2.032360,1.083056,0.549826,0.411723,0.052680,-0.334632,-0.542373,-0.459065,-0.129412,0.269686,0.524065,-0.800000,-0.800000,-0.800000,-0.800000,-0.800000
11.850000,0.159194,0.031341,-0.420144,slither,0.573115,0.446597,0.106318,-0.272140,-0.492953,-0.429704,-0.124277,0.259298,0.510138,-0.315393,-2.008552,-2.515192,-2.128782,-0.500626,1.163249,1.853700,2.018952,0.601403,0.534397,0.302349,-0.091947,-0.436902,-0.547406,-0.364159,0.014503,0.385383,0.549457,-0.800000,-0.800000,-0.800000,-0.800000,-0.800000
11.900000,0.160863,0.055867,-0.207601,slither,0.552029,0.348021,-0.016789,-0.368673,-0.509230,-0.363753,-0.017669,0.351038,0.527900,-0.523048,-1.960504,-2.216336,-1.652582,-0.095746,1.372349,2.037516,1.565848,0.111403,0.503383,0.217269,-0.185436,-0.488632,-0.529617,-0.286398,0.110508,0.448114,0.545251,-0.800000,-0.800000,-0.800000,-0.800000,-0.800000
11.950000,0.157821,0.076598,0.001184,slither,0.510021,0.240242,-0.137582,-0.445781,-0.501056,-0.279229,0.089015,0.422468,0.517728,-1.143837,-2.419795,-2.532977,-1.250755,0.472540,1.892960,2.119150,1.300225,-0.418635,0.428154,0.077953,-0.314079,-0.537570,-0.472588,-0.154006,0.247220,0.515782,0.507564,-0.800000,-0.800000,-0.800000,-0.800000,-0.800000
12.000000,0.152455,0.092008,0.202031,slither,0.447661,0.128091,-0.251520,-0.497712,-0.469379,-0.184902,0.194392,0.475759,0.484841,-1.160539,-1.887010,-1.805405,-0.931957,0.642311,1.847467,1.979422,0.818245,-0.703975,0.361122,-0.018541,-0.388254,-0.549622,-0.416050,-0.059217,0.329394,0.541244,0.462651,-0.800000,-0.800000,-0.800000,-0.800000,-0.800000
